CommunityID,Density,ClusteringCoeff,Conductance,FlakeODF,FOMD,TPR,CutRatio,Cohesiveness,Separability
1,0.66666667,0,0.0,0.0,0.33333333,0.0,0.0,0.5,2.0
2,1,0,1.0,1.0,0.0,0.0,0.00040008,1,0.0
3,0.28571429,0,0.0,0.0,0.28571429,0.0,0.0,0.16666667,6.0
4,1.0,0,0.0,0.0,0.0,0.0,0.0,1.0,1.0
5,1.0,0,0.0,0.0,0.0,0.0,0.0,1.0,1.0
6,1,0,1.0,1.0,0.0,0.0,0.00020004,1,0.0
7,1.0,1.0,0.0,0.0,1.0,1.0,0.0,1.0,3.0
8,1.0,0,0.0,0.0,0.0,0.0,0.0,1.0,1.0
9,1,0,1.0,1.0,0.0,0.0,0.00020004,1,0.0
10,1.0,0,0.0,0.0,0.0,0.0,0.0,1.0,1.0
11,1,0,1.0,1.0,0.0,0.0,0.00020004,1,0.0
12,1.0,0,0.0,0.0,0.0,0.0,0.0,1.0,1.0
13,1.0,0,0.0,0.0,0.0,0.0,0.0,1.0,1.0
14,0.66666667,0,0.0,0.0,0.33333333,0.0,0.0,0.5,2.0
15,1.0,0,0.0,0.0,0.0,0.0,0.0,1.0,1.0
16,1.0,1.0,0.14285714,0.0,1.0,1.0,6.671e-05,1.0,3.0
17,0.66666667,0,0.0,0.0,0.33333333,0.0,0.0,0.5,2.0
18,0.53333333,0.4,0.30434783,0.0,1.0,0.83333333,0.00023361,0.4,1.14285714
19,0.66666667,0,0.0,0.0,0.33333333,0.0,0.0,0.5,2.0
20,1,0,1.0,1.0,0.0,0.0,0.00040008,1,0.0
21,1.0,0,0.0,0.0,0.0,0.0,0.0,1.0,1.0
22,1,0,1.0,1.0,0.0,0.0,0.00040008,1,0.0
23,1.0,0,0.0,0.0,0.0,0.0,0.0,1.0,1.0
24,0.66666667,0,0.0,0.0,0.33333333,0.0,0.0,0.5,2.0
25,1,0,1.0,1.0,0.0,0.0,0.00020004,1,0.0
26,1.0,0,0.0,0.0,0.0,0.0,0.0,1.0,1.0
27,1,0,1.0,1.0,0.0,0.0,0.00020004,1,0.0
28,0.93333333,0.92307692,0.06666667,0.0,1.0,1.0,6.675e-05,0.8,7.0
29,1,0,1.0,1.0,0.0,0.0,0.00020004,1,0.0
30,1.0,1.0,0.0,0.0,1.0,1.0,0.0,1.0,3.0
31,1.0,0,0.0,0.0,0.0,0.0,0.0,1.0,1.0
32,1.0,1.0,0.0,0.0,1.0,1.0,0.0,1.0,3.0
33,1.0,0,0.0,0.0,0.0,0.0,0.0,1.0,1.0
34,0.5,0,0.0,0.0,0.25,0.0,0.0,0.33333333,3.0
35,1.0,0,0.0,0.0,0.0,0.0,0.0,1.0,1.0
36,1,0,1.0,1.0,0.0,0.0,0.00020004,1,0.0
37,1.0,0,0.0,0.0,0.0,0.0,0.0,1.0,1.0
38,1.0,0,0.0,0.0,0.0,0.0,0.0,1.0,1.0
39,1.0,0,0.0,0.0,0.0,0.0,0.0,1.0,1.0
40,1.0,0,0.0,0.0,0.0,0.0,0.0,1.0,1.0
41,0.33333333,0.23076923,0.26315789,0.0,0.57142857,0.42857143,0.00014306,0.16666667,1.4
42,1,0,1.0,1.0,0.0,0.0,0.00020004,1,0.0
43,1.0,0,0.0,0.0,0.0,0.0,0.0,1.0,1.0
44,1,0,1.0,1.0,0.0,0.0,0.00020004,1,0.0
45,1,0,1.0,1.0,0.0,0.0,0.00060012,1,0.0
46,1.0,0,0.0,0.0,0.0,0.0,0.0,1.0,1.0
47,0.47953216,0.57212714,0.5879397,0.15789474,1.0,1.0,0.00247255,0.27777778,0.35042735
48,1,0,1.0,1.0,0.0,0.0,0.00020004,1,0.0
49,1.0,0,0.0,0.0,0.0,0.0,0.0,1.0,1.0
50,1.0,1.0,0.0,0.0,1.0,1.0,0.0,1.0,3.0
51,1,0,1.0,1.0,0.0,0.0,0.00020004,1,0.0
52,1,0,1.0,1.0,0.0,0.0,0.00020004,1,0.0
53,1.0,0,0.0,0.0,0.0,0.0,0.0,1.0,1.0
54,1,0,1.0,1.0,0.0,0.0,0.00020004,1,0.0
55,0.66666667,0,0.2,0.0,0.33333333,0.0,6.671e-05,0.5,2.0
56,1.0,0,0.0,0.0,0.0,0.0,0.0,1.0,1.0
57,1.0,0,0.0,0.0,0.0,0.0,0.0,1.0,1.0
58,1,0,1.0,1.0,0.0,0.0,0.00020004,1,0.0
59,1.0,1.0,0.0,0.0,1.0,1.0,0.0,1.0,6.0
60,0.66666667,0,0.0,0.0,0.33333333,0.0,0.0,0.5,2.0
61,1,0,1.0,1.0,0.0,0.0,0.00040008,1,0.0
62,1.0,0,0.6,0.5,0.0,0.0,0.00030012,1.0,0.33333333
63,1,0,1.0,1.0,0.0,0.0,0.00020004,1,0.0
64,1.0,0,0.0,0.0,0.0,0.0,0.0,1.0,1.0
65,0.66666667,0,0.0,0.0,0.33333333,0.0,0.0,0.5,2.0
66,1,0,1.0,1.0,0.0,0.0,0.00020004,1,0.0
67,1.0,0,0.0,0.0,0.0,0.0,0.0,1.0,1.0
68,0.66666667,0,0.0,0.0,0.33333333,0.0,0.0,0.5,2.0
69,1.0,0,0.0,0.0,0.0,0.0,0.0,1.0,1.0
70,0.66666667,0,0.0,0.0,0.33333333,0.0,0.0,0.5,2.0
71,0.6,0.54545455,0.07692308,0.0,0.8,0.8,4.004e-05,0.25,6.0
72,1.0,0,0.0,0.0,0.0,0.0,0.0,1.0,1.0
73,1.0,0,0.0,0.0,0.0,0.0,0.0,1.0,1.0
74,1.0,0,0.0,0.0,0.0,0.0,0.0,1.0,1.0
75,1,0,1.0,1.0,0.0,0.0,0.00020004,1,0.0
76,1,0,1.0,1.0,0.0,0.0,0.00040008,1,0.0
77,0.4,0,0.0,0.0,0.4,0.0,0.0,0.25,4.0
78,1,0,1.0,1.0,0.0,0.0,0.00020004,1,0.0
79,0.4,0,0.0,0.0,0.2,0.0,0.0,0.25,4.0
80,1.0,0,0.0,0.0,0.0,0.0,0.0,1.0,1.0
81,1.0,0,0.0,0.0,0.0,0.0,0.0,1.0,1.0
82,0.83333333,0.75,0.09090909,0.0,1.0,1.0,5.004e-05,0.66666667,5.0
83,1.0,1.0,0.0,0.0,1.0,1.0,0.0,1.0,3.0
84,1.0,1.0,0.2,0.0,1.0,1.0,0.0002002,1.0,2.0
85,1.0,0,0.0,0.0,0.0,0.0,0.0,1.0,1.0
86,1.0,0,0.0,0.0,0.0,0.0,0.0,1.0,1.0
87,1.0,0,0.0,0.0,0.0,0.0,0.0,1.0,1.0
88,1,0,1.0,1.0,0.0,0.0,0.00020004,1,0.0
89,1,0,1.0,1.0,0.0,0.0,0.00020004,1,0.0
90,1.0,0,0.0,0.0,0.0,0.0,0.0,1.0,1.0
91,1,0,1.0,1.0,0.0,0.0,0.00020004,1,0.0
92,1.0,0,0.0,0.0,0.0,0.0,0.0,1.0,1.0
93,1,0,1.0,1.0,0.0,0.0,0.00020004,1,0.0
94,0.7,0.64285714,0.06666667,0.0,1.0,1.0,4.004e-05,0.5,7.0
95,1.0,0,0.0,0.0,0.0,0.0,0.0,1.0,1.0
96,1,0,1.0,1.0,0.0,0.0,0.00020004,1,0.0
97,1.0,0,0.0,0.0,0.0,0.0,0.0,1.0,1.0
98,0.66666667,0,0.0,0.0,0.33333333,0.0,0.0,0.5,2.0
99,1.0,0,0.0,0.0,0.0,0.0,0.0,1.0,1.0
100,1,0,1.0,1.0,0.0,0.0,0.00060012,1,0.0
101,1.0,1.0,0.0,0.0,1.0,1.0,0.0,1.0,3.0
102,0.66666667,0,0.2,0.0,0.33333333,0.0,6.671e-05,0.5,2.0
103,0.66666667,0,0.0,0.0,0.33333333,0.0,0.0,0.5,2.0
104,0.66666667,0,0.0,0.0,0.33333333,0.0,0.0,0.5,2.0
105,0.83333333,0.75,0.0,0.0,1.0,1.0,0.0,0.66666667,5.0
106,1,0,1.0,1.0,0.0,0.0,0.00020004,1,0.0
107,1,0,1.0,1.0,0.0,0.0,0.00020004,1,0.0
108,1.0,0,0.0,0.0,0.0,0.0,0.0,1.0,1.0
109,1,0,1.0,1.0,0.0,0.0,0.00020004,1,0.0
110,1,0,1.0,1.0,0.0,0.0,0.00020004,1,0.0
111,1.0,0,0.0,0.0,0.0,0.0,0.0,1.0,1.0
112,0.83333333,0.75,0.33333333,0.0,1.0,1.0,0.0002502,0.66666667,1.0
113,0.66666667,0,0.0,0.0,0.33333333,0.0,0.0,0.5,2.0
114,1.0,0,0.0,0.0,0.0,0.0,0.0,1.0,1.0
115,1,0,1.0,1.0,0.0,0.0,0.00020004,1,0.0
116,1,0,1.0,1.0,0.0,0.0,0.00020004,1,0.0
117,1,0,1.0,1.0,0.0,0.0,0.00020004,1,0.0
118,1,0,1.0,1.0,0.0,0.0,0.00040008,1,0.0
119,1.0,1.0,0.0,0.0,1.0,1.0,0.0,1.0,3.0
120,1.0,0,0.0,0.0,0.0,0.0,0.0,1.0,1.0
121,1,0,1.0,1.0,0.0,0.0,0.00020004,1,0.0
122,1.0,1.0,0.0,0.0,1.0,1.0,0.0,1.0,3.0
123,1.0,0,0.0,0.0,0.0,0.0,0.0,1.0,1.0
124,1.0,0,0.0,0.0,0.0,0.0,0.0,1.0,1.0
125,1,0,1.0,1.0,0.0,0.0,0.00020004,1,0.0
126,1.0,1.0,0.0,0.0,1.0,1.0,0.0,1.0,3.0
127,1.0,0,0.0,0.0,0.0,0.0,0.0,1.0,1.0
128,1.0,0,0.0,0.0,0.0,0.0,0.0,1.0,1.0
129,1,0,1.0,1.0,0.0,0.0,0.00020004,1,0.0
130,1,0,1.0,1.0,0.0,0.0,0.00020004,1,0.0
131,1,0,1.0,1.0,0.0,0.0,0.00020004,1,0.0
132,0.7,0.6,0.0,0.0,1.0,1.0,0.0,0.5,7.0
133,1.0,0,0.0,0.0,0.0,0.0,0.0,1.0,1.0
134,1,0,1.0,1.0,0.0,0.0,0.00040008,1,0.0
135,0.33333333,0,0.0,0.0,0.16666667,0.0,0.0,0.2,5.0
136,0.66666667,0,0.0,0.0,0.33333333,0.0,0.0,0.5,2.0
137,0.8,0.78947368,0.0,0.0,1.0,1.0,0.0,0.5,8.0
138,0.4,0,0.0,0.0,0.4,0.0,0.0,0.25,4.0
139,1,0,1.0,1.0,0.0,0.0,0.00060012,1,0.0
140,1.0,0,0.5,0.0,0.0,0.0,0.00020008,1.0,0.5
141,1.0,0,0.0,0.0,0.0,0.0,0.0,1.0,1.0
142,1.0,0,0.0,0.0,0.0,0.0,0.0,1.0,1.0
143,0.5,0,0.0,0.0,0.25,0.0,0.0,0.33333333,3.0
144,0.5,0,0.14285714,0.0,0.25,0.0,5.004e-05,0.33333333,3.0
145,1,0,1.0,1.0,0.0,0.0,0.00020004,1,0.0
146,1.0,0,0.33333333,0.0,0.0,0.0,0.00010004,1.0,1.0
147,1.0,0,0.0,0.0,0.0,0.0,0.0,1.0,1.0
148,0.5,0,0.0,0.0,0.5,0.0,0.0,0.33333333,3.0
149,1.0,0,0.0,0.0,0.0,0.0,0.0,1.0,1.0
150,1.0,1.0,0.33333333,0.0,1.0,1.0,0.00020012,1.0,1.0
151,1.0,0,0.0,0.0,0.0,0.0,0.0,1.0,1.0
152,0.5,0,0.0,0.0,0.25,0.0,0.0,0.33333333,3.0
153,1,0,1.0,1.0,0.0,0.0,0.00020004,1,0.0
154,0.7,0.64285714,0.0,0.0,1.0,1.0,0.0,0.5,7.0
155,1,0,1.0,1.0,0.0,0.0,0.00020004,1,0.0
156,0.5,0,0.0,0.0,0.25,0.0,0.0,0.33333333,3.0
157,0.8,0.78947368,0.33333333,0.0,1.0,1.0,0.00032032,0.5,1.0
158,1.0,0,0.0,0.0,0.0,0.0,0.0,1.0,1.0
159,0.66666667,0,0.0,0.0,0.33333333,0.0,0.0,0.5,2.0
160,1.0,0,0.0,0.0,0.0,0.0,0.0,1.0,1.0
161,1,0,1.0,1.0,0.0,0.0,0.00020004,1,0.0
162,1.0,0,0.0,0.0,0.0,0.0,0.0,1.0,1.0
163,0.66666667,0,0.0,0.0,0.33333333,0.0,0.0,0.5,2.0
164,1.0,0,0.0,0.0,0.0,0.0,0.0,1.0,1.0
165,1,0,1.0,1.0,0.0,0.0,0.00020004,1,0.0
166,1,0,1.0,1.0,0.0,0.0,0.00020004,1,0.0
167,1,0,1.0,1.0,0.0,0.0,0.00020004,1,0.0
168,1.0,0,0.0,0.0,0.0,0.0,0.0,1.0,1.0
169,1,0,1.0,1.0,0.0,0.0,0.00020004,1,0.0
170,0.4,0,0.11111111,0.0,0.2,0.0,4.004e-05,0.25,4.0
171,1,0,1.0,1.0,0.0,0.0,0.00020004,1,0.0
172,1.0,0,0.0,0.0,0.0,0.0,0.0,1.0,1.0
173,1.0,0,0.0,0.0,0.0,0.0,0.0,1.0,1.0
174,0.4,0,0.0,0.0,0.4,0.0,0.0,0.25,4.0
175,0.5,0,0.14285714,0.0,0.25,0.0,5.004e-05,0.33333333,3.0
176,1.0,1.0,0.0,0.0,1.0,1.0,0.0,1.0,3.0
177,1.0,0,0.0,0.0,0.0,0.0,0.0,1.0,1.0
178,1,0,1.0,1.0,0.0,0.0,0.00020004,1,0.0
179,0.66666667,0,0.0,0.0,0.33333333,0.0,0.0,0.5,2.0
180,1,0,1.0,1.0,0.0,0.0,0.00020004,1,0.0
181,1.0,0,0.6,0.5,0.0,0.0,0.00030012,1.0,0.33333333
182,1,0,1.0,1.0,0.0,0.0,0.00060012,1,0.0
183,1,0,1.0,1.0,0.0,0.0,0.00040008,1,0.0
184,1.0,0,0.0,0.0,0.0,0.0,0.0,1.0,1.0
185,1.0,0,0.0,0.0,0.0,0.0,0.0,1.0,1.0
186,0.33333333,0,0.0,0.0,0.16666667,0.0,0.0,0.2,5.0
187,1,0,1.0,1.0,0.0,0.0,0.00020004,1,0.0
188,1.0,0,0.0,0.0,0.0,0.0,0.0,1.0,1.0
189,1.0,0,0.0,0.0,0.0,0.0,0.0,1.0,1.0
190,1.0,0,0.0,0.0,0.0,0.0,0.0,1.0,1.0
191,0.66666667,0,0.0,0.0,0.33333333,0.0,0.0,0.5,2.0
192,0.5,0,0.0,0.0,0.25,0.0,0.0,0.33333333,3.0
193,0.5,0,0.0,0.0,0.25,0.0,0.0,0.33333333,3.0
194,1.0,1.0,0.0,0.0,1.0,1.0,0.0,1.0,3.0
195,0.5,0,0.0,0.0,0.25,0.0,0.0,0.33333333,3.0
196,1.0,0,0.0,0.0,0.0,0.0,0.0,1.0,1.0
197,0.4,0,0.0,0.0,0.2,0.0,0.0,0.25,4.0
198,1,0,1.0,1.0,0.0,0.0,0.00020004,1,0.0
199,0.33333333,0,0.0,0.0,0.16666667,0.0,0.0,0.2,5.0
200,1.0,1.0,0.0,0.0,1.0,1.0,0.0,1.0,6.0
201,0.66666667,0,0.0,0.0,0.33333333,0.0,0.0,0.5,2.0
202,1,0,1.0,1.0,0.0,0.0,0.00080016,1,0.0
203,1,0,1.0,1.0,0.0,0.0,0.00020004,1,0.0
204,1.0,1.0,0.5,0.33333333,1.0,1.0,0.00040024,1.0,0.5
205,1,0,1.0,1.0,0.0,0.0,0.00020004,1,0.0
206,1.0,0,0.0,0.0,0.0,0.0,0.0,1.0,1.0
207,0.4,0,0.29411765,0.16666667,0.66666667,0.0,0.00016687,0.2,1.2
208,0.66666667,0,0.0,0.0,0.33333333,0.0,0.0,0.5,2.0
209,1.0,0,0.0,0.0,0.0,0.0,0.0,1.0,1.0
210,1,0,1.0,1.0,0.0,0.0,0.00020004,1,0.0
211,1.0,0,0.0,0.0,0.0,0.0,0.0,1.0,1.0
212,1,0,1.0,1.0,0.0,0.0,0.00020004,1,0.0
213,1,0,1.0,1.0,0.0,0.0,0.00020004,1,0.0
214,1,0,1.0,1.0,0.0,0.0,0.00020004,1,0.0
215,1,0,1.0,1.0,0.0,0.0,0.00020004,1,0.0
216,0.6,0.57142857,0.18181818,0.0,1.0,1.0,0.00013349,0.4,2.25
217,1.0,0,0.0,0.0,0.0,0.0,0.0,1.0,1.0
218,1.0,1.0,0.0,0.0,1.0,1.0,0.0,1.0,3.0
219,0.66666667,0,0.2,0.0,0.33333333,0.0,6.671e-05,0.5,2.0
220,1,0,1.0,1.0,0.0,0.0,0.00020004,1,0.0
221,0.33333333,0,0.09090909,0.0,0.33333333,0.0,3.337e-05,0.2,5.0
222,1,0,1.0,1.0,0.0,0.0,0.00060012,1,0.0
223,0.4,0,0.27272727,0.2,0.4,0.0,0.00012012,0.25,1.33333333
224,1.0,1.0,0.14285714,0.0,1.0,1.0,6.671e-05,1.0,3.0
225,1.0,0,0.0,0.0,0.0,0.0,0.0,1.0,1.0
226,1,0,1.0,1.0,0.0,0.0,0.00020004,1,0.0
227,1.0,1.0,0.25,0.0,1.0,1.0,0.00013341,1.0,1.5
228,1.0,1.0,0.07692308,0.0,1.0,1.0,5.004e-05,1.0,6.0
229,0.66666667,0,0.0,0.0,0.33333333,0.0,0.0,0.5,2.0
230,0.66666667,0,0.0,0.0,0.33333333,0.0,0.0,0.5,2.0
231,1.0,0,0.0,0.0,0.0,0.0,0.0,1.0,1.0
232,0.6,0.54545455,0.52,0.4,0.8,0.8,0.00052052,0.25,0.46153846
233,1.0,0,0.0,0.0,0.0,0.0,0.0,1.0,1.0
234,1.0,0,0.0,0.0,0.0,0.0,0.0,1.0,1.0
235,1,0,1.0,1.0,0.0,0.0,0.00020004,1,0.0
236,1.0,0,0.0,0.0,0.0,0.0,0.0,1.0,1.0
237,1.0,1.0,0.25,0.0,1.0,1.0,0.00013341,1.0,1.5
238,0.61904762,0.61363636,0.0,0.0,1.0,1.0,0.0,0.33333333,13.0
239,1.0,0,0.0,0.0,0.0,0.0,0.0,1.0,1.0
240,0.5,0.42857143,0.16666667,0.0,0.6,0.6,8.008e-05,0.25,2.5
241,1,0,1.0,1.0,0.0,0.0,0.00020004,1,0.0
242,0.66666667,0,0.0,0.0,0.33333333,0.0,0.0,0.5,2.0
243,1.0,0,0.0,0.0,0.0,0.0,0.0,1.0,1.0
244,1,0,1.0,1.0,0.0,0.0,0.00020004,1,0.0
245,1.0,0,0.0,0.0,0.0,0.0,0.0,1.0,1.0
246,0.71428571,0.75,0.14893617,0.0,1.0,1.0,0.00017528,0.42857143,2.85714286
247,1.0,0,0.33333333,0.0,0.0,0.0,0.00010004,1.0,1.0
248,1,0,1.0,1.0,0.0,0.0,0.00020004,1,0.0
249,1.0,0,0.0,0.0,0.0,0.0,0.0,1.0,1.0
250,1,0,1.0,1.0,0.0,0.0,0.00020004,1,0.0
251,1,0,1.0,1.0,0.0,0.0,0.00080016,1,0.0
252,0.33333333,0,0.0,0.0,0.16666667,0.0,0.0,0.2,5.0
253,1.0,0,0.0,0.0,0.0,0.0,0.0,1.0,1.0
254,1,0,1.0,1.0,0.0,0.0,0.00020004,1,0.0
255,1,0,1.0,1.0,0.0,0.0,0.00020004,1,0.0
256,0.66666667,0,0.0,0.0,0.33333333,0.0,0.0,0.5,2.0
257,1,0,1.0,1.0,0.0,0.0,0.00020004,1,0.0
258,1,0,1.0,1.0,0.0,0.0,0.00020004,1,0.0
259,1.0,0,0.0,0.0,0.0,0.0,0.0,1.0,1.0
260,1.0,0,0.0,0.0,0.0,0.0,0.0,1.0,1.0
261,1.0,0,0.0,0.0,0.0,0.0,0.0,1.0,1.0
262,1,0,1.0,1.0,0.0,0.0,0.00020004,1,0.0
263,1,0,1.0,1.0,0.0,0.0,0.00020004,1,0.0
264,0.66666667,0,0.0,0.0,0.33333333,0.0,0.0,0.5,2.0
265,1.0,1.0,0.0,0.0,1.0,1.0,0.0,1.0,3.0
266,1,0,1.0,1.0,0.0,0.0,0.00020004,1,0.0
267,1.0,0,0.5,0.0,0.0,0.0,0.00020008,1.0,0.5
268,1.0,1.0,0.53846154,0.33333333,1.0,1.0,0.00046695,1.0,0.42857143
269,0.66666667,0,0.2,0.0,0.33333333,0.0,6.671e-05,0.5,2.0
270,1.0,1.0,0.0,0.0,1.0,1.0,0.0,1.0,3.0
271,1,0,1.0,1.0,0.0,0.0,0.00020004,1,0.0
272,0.66666667,0.6,0.2,0.0,0.75,0.75,0.00010008,0.33333333,2.0
273,1.0,0,0.0,0.0,0.0,0.0,0.0,1.0,1.0
274,1.0,0,0.0,0.0,0.0,0.0,0.0,1.0,1.0
275,1.0,1.0,0.25,0.0,1.0,1.0,0.00013341,1.0,1.5
276,1.0,1.0,0.0,0.0,1.0,1.0,0.0,1.0,6.0
277,1.0,0,0.0,0.0,0.0,0.0,0.0,1.0,1.0
278,1.0,0,0.0,0.0,0.0,0.0,0.0,1.0,1.0
279,1,0,1.0,1.0,0.0,0.0,0.00020004,1,0.0
280,1,0,1.0,1.0,0.0,0.0,0.00020004,1,0.0
281,1.0,0,0.0,0.0,0.0,0.0,0.0,1.0,1.0
282,1.0,0,0.0,0.0,0.0,0.0,0.0,1.0,1.0
283,1.0,0,0.0,0.0,0.0,0.0,0.0,1.0,1.0
284,1.0,0,0.0,0.0,0.0,0.0,0.0,1.0,1.0
285,1.0,0,0.0,0.0,0.0,0.0,0.0,1.0,1.0
286,1,0,1.0,1.0,0.0,0.0,0.00020004,1,0.0
287,1.0,1.0,0.14285714,0.0,1.0,1.0,6.671e-05,1.0,3.0
288,1,0,1.0,1.0,0.0,0.0,0.00020004,1,0.0
289,0.66666667,0,0.0,0.0,0.33333333,0.0,0.0,0.5,2.0
290,1,0,1.0,1.0,0.0,0.0,0.00040008,1,0.0
291,0.33333333,0,0.0,0.0,0.16666667,0.0,0.0,0.2,5.0
292,1.0,0,0.0,0.0,0.0,0.0,0.0,1.0,1.0
293,1.0,0,0.0,0.0,0.0,0.0,0.0,1.0,1.0
294,1.0,0,0.0,0.0,0.0,0.0,0.0,1.0,1.0
295,1,0,1.0,1.0,0.0,0.0,0.00020004,1,0.0
296,0.33333333,0.33333333,0.48148148,0.28571429,0.71428571,0.42857143,0.00037195,0.16666667,0.53846154
297,1,0,1.0,1.0,0.0,0.0,0.00020004,1,0.0
298,1,0,1.0,1.0,0.0,0.0,0.00020004,1,0.0
299,1.0,0,0.0,0.0,0.0,0.0,0.0,1.0,1.0
300,0.66666667,0,0.0,0.0,0.33333333,0.0,0.0,0.5,2.0
301,0.66666667,0,0.5,0.33333333,0.33333333,0.0,0.00026683,0.5,0.5
302,1.0,0,0.0,0.0,0.0,0.0,0.0,1.0,1.0
303,1.0,0,0.0,0.0,0.0,0.0,0.0,1.0,1.0
304,1,0,1.0,1.0,0.0,0.0,0.00040008,1,0.0
305,0.83333333,0.75,0.09090909,0.0,1.0,1.0,5.004e-05,0.66666667,5.0
306,1.0,0,0.0,0.0,0.0,0.0,0.0,1.0,1.0
307,1.0,1.0,0.0,0.0,1.0,1.0,0.0,1.0,3.0
308,0.66666667,0,0.0,0.0,0.33333333,0.0,0.0,0.5,2.0
309,0.66666667,0,0.0,0.0,0.33333333,0.0,0.0,0.5,2.0
310,1.0,0,0.0,0.0,0.0,0.0,0.0,1.0,1.0
311,1,0,1.0,1.0,0.0,0.0,0.00040008,1,0.0
312,1,0,1.0,1.0,0.0,0.0,0.00020004,1,0.0
313,1.0,0,0.0,0.0,0.0,0.0,0.0,1.0,1.0
314,1.0,0,0.0,0.0,0.0,0.0,0.0,1.0,1.0
315,0.66666667,0,0.0,0.0,0.33333333,0.0,0.0,0.5,2.0
316,1,0,1.0,1.0,0.0,0.0,0.00020004,1,0.0
317,1,0,1.0,1.0,0.0,0.0,0.00020004,1,0.0
318,1,0,1.0,1.0,0.0,0.0,0.00020004,1,0.0
319,0.5,0,0.0,0.0,0.5,0.0,0.0,0.33333333,3.0
320,0.4,0,0.0,0.0,0.2,0.0,0.0,0.25,4.0
321,0.5,0,0.0,0.0,0.25,0.0,0.0,0.33333333,3.0
322,1.0,0,0.0,0.0,0.0,0.0,0.0,1.0,1.0
323,1.0,0,0.0,0.0,0.0,0.0,0.0,1.0,1.0
324,1.0,0,0.0,0.0,0.0,0.0,0.0,1.0,1.0
325,0.66666667,0,0.0,0.0,0.33333333,0.0,0.0,0.5,2.0
326,1.0,0,0.0,0.0,0.0,0.0,0.0,1.0,1.0
327,0.66666667,0,0.0,0.0,0.33333333,0.0,0.0,0.5,2.0
328,1.0,0,0.0,0.0,0.0,0.0,0.0,1.0,1.0
329,1.0,0,0.33333333,0.0,0.0,0.0,0.00010004,1.0,1.0
330,1.0,0,0.0,0.0,0.0,0.0,0.0,1.0,1.0
331,1.0,0,0.0,0.0,0.0,0.0,0.0,1.0,1.0
332,0.66666667,0,0.0,0.0,0.33333333,0.0,0.0,0.5,2.0
333,0.5,0,0.25,0.0,0.25,0.0,0.00010008,0.33333333,1.5
334,0.8,0.78947368,0.0,0.0,1.0,1.0,0.0,0.5,8.0
335,1,0,1.0,1.0,0.0,0.0,0.00020004,1,0.0
336,1,0,1.0,1.0,0.0,0.0,0.00040008,1,0.0
337,1.0,0,0.0,0.0,0.0,0.0,0.0,1.0,1.0
338,1.0,0,0.0,0.0,0.0,0.0,0.0,1.0,1.0
339,1.0,0,0.0,0.0,0.0,0.0,0.0,1.0,1.0
340,1.0,0,0.0,0.0,0.0,0.0,0.0,1.0,1.0
341,1.0,0,0.0,0.0,0.0,0.0,0.0,1.0,1.0
342,1,0,1.0,1.0,0.0,0.0,0.00020004,1,0.0
343,0.66666667,0,0.0,0.0,0.33333333,0.0,0.0,0.5,2.0
344,0.5,0,0.0,0.0,0.25,0.0,0.0,0.33333333,3.0
345,1,0,1.0,1.0,0.0,0.0,0.00020004,1,0.0
346,1.0,0,0.0,0.0,0.0,0.0,0.0,1.0,1.0
347,1.0,0,0.0,0.0,0.0,0.0,0.0,1.0,1.0
348,0.66666667,0,0.0,0.0,0.33333333,0.0,0.0,0.5,2.0
349,1.0,1.0,0.0,0.0,1.0,1.0,0.0,1.0,3.0
350,0.2,0,0.0,0.0,0.3,0.0,0.0,0.11111111,9.0
351,1.0,0,0.0,0.0,0.0,0.0,0.0,1.0,1.0
352,1,0,1.0,1.0,0.0,0.0,0.00020004,1,0.0
353,1.0,0,0.0,0.0,0.0,0.0,0.0,1.0,1.0
354,1,0,1.0,1.0,0.0,0.0,0.00020004,1,0.0
355,0.66666667,0,0.0,0.0,0.33333333,0.0,0.0,0.5,2.0
356,1.0,1.0,0.625,0.33333333,1.0,1.0,0.00066707,1.0,0.3
357,1.0,0,0.0,0.0,0.0,0.0,0.0,1.0,1.0
358,1,0,1.0,1.0,0.0,0.0,0.00020004,1,0.0
359,1.0,0,0.0,0.0,0.0,0.0,0.0,1.0,1.0
360,1.0,0,0.0,0.0,0.0,0.0,0.0,1.0,1.0
361,1.0,0,0.0,0.0,0.0,0.0,0.0,1.0,1.0
362,1.0,1.0,0.0,0.0,1.0,1.0,0.0,1.0,3.0
363,1,0,1.0,1.0,0.0,0.0,0.00020004,1,0.0
364,0.5,0,0.0,0.0,0.25,0.0,0.0,0.33333333,3.0
365,0.83333333,0.75,0.0,0.0,1.0,1.0,0.0,0.66666667,5.0
366,0.66666667,0,0.0,0.0,0.33333333,0.0,0.0,0.5,2.0
367,1.0,1.0,0.33333333,0.33333333,1.0,1.0,0.00020012,1.0,1.0
368,1,0,1.0,1.0,0.0,0.0,0.00020004,1,0.0
369,0.33333333,0,0.0,0.0,0.16666667,0.0,0.0,0.2,5.0
370,1,0,1.0,1.0,0.0,0.0,0.00020004,1,0.0
371,0.83333333,0.75,0.16666667,0.0,1.0,1.0,0.00010008,0.66666667,2.5
372,0.5,0,0.0,0.0,0.25,0.0,0.0,0.33333333,3.0
373,1,0,1.0,1.0,0.0,0.0,0.00040008,1,0.0
374,1.0,0,0.0,0.0,0.0,0.0,0.0,1.0,1.0
375,1.0,0,0.6,0.5,0.0,0.0,0.00030012,1.0,0.33333333
376,1.0,0,0.0,0.0,0.0,0.0,0.0,1.0,1.0
377,1,0,1.0,1.0,0.0,0.0,0.00040008,1,0.0
378,0.66666667,0,0.0,0.0,0.33333333,0.0,0.0,0.5,2.0
379,0.66666667,0,0.0,0.0,0.33333333,0.0,0.0,0.5,2.0
380,1.0,0,0.0,0.0,0.0,0.0,0.0,1.0,1.0
381,1.0,1.0,0.14285714,0.0,1.0,1.0,6.671e-05,1.0,3.0
382,1.0,0,0.0,0.0,0.0,0.0,0.0,1.0,1.0
383,0.66666667,0,0.0,0.0,0.33333333,0.0,0.0,0.5,2.0
384,0.18181818,0,0.0,0.0,0.09090909,0.0,0.0,0.1,10.0
385,1.0,0,0.0,0.0,0.0,0.0,0.0,1.0,1.0
386,1,0,1.0,1.0,0.0,0.0,0.00020004,1,0.0
387,1,0,1.0,1.0,0.0,0.0,0.00040008,1,0.0
388,1,0,1.0,1.0,0.0,0.0,0.00020004,1,0.0
389,0.66666667,0,0.0,0.0,0.33333333,0.0,0.0,0.5,2.0
390,0.66666667,0,0.2,0.0,0.33333333,0.0,6.671e-05,0.5,2.0
391,1.0,0,0.0,0.0,0.0,0.0,0.0,1.0,1.0
392,1,0,1.0,1.0,0.0,0.0,0.00020004,1,0.0
393,1,0,1.0,1.0,0.0,0.0,0.00040008,1,0.0
394,1.0,1.0,0.25,0.0,1.0,1.0,0.00013341,1.0,1.5
395,1.0,0,0.0,0.0,0.0,0.0,0.0,1.0,1.0
396,1.0,1.0,0.0,0.0,1.0,1.0,0.0,1.0,3.0
397,1.0,0,0.0,0.0,0.0,0.0,0.0,1.0,1.0
398,1.0,0,0.0,0.0,0.0,0.0,0.0,1.0,1.0
399,1.0,0,0.0,0.0,0.0,0.0,0.0,1.0,1.0
400,1,0,1.0,1.0,0.0,0.0,0.00020004,1,0.0
401,0.66666667,0,0.2,0.0,0.33333333,0.0,6.671e-05,0.5,2.0
402,1.0,0,0.0,0.0,0.0,0.0,0.0,1.0,1.0
403,1,0,1.0,1.0,0.0,0.0,0.00020004,1,0.0
404,1,0,1.0,1.0,0.0,0.0,0.00040008,1,0.0
405,0.83333333,0.75,0.23076923,0.0,1.0,1.0,0.00015012,0.66666667,1.66666667
406,1,0,1.0,1.0,0.0,0.0,0.00020004,1,0.0
407,1,0,1.0,1.0,0.0,0.0,0.00020004,1,0.0
408,1,0,1.0,1.0,0.0,0.0,0.00020004,1,0.0
409,1,0,1.0,1.0,0.0,0.0,0.00040008,1,0.0
410,0.66666667,0,0.0,0.0,0.33333333,0.0,0.0,0.5,2.0
411,1,0,1.0,1.0,0.0,0.0,0.00020004,1,0.0
412,1.0,0,0.0,0.0,0.0,0.0,0.0,1.0,1.0
413,0.66666667,0,0.2,0.0,0.33333333,0.0,6.671e-05,0.5,2.0
414,0.66666667,0,0.0,0.0,0.33333333,0.0,0.0,0.5,2.0
415,0.5,0,0.0,0.0,0.5,0.0,0.0,0.33333333,3.0
416,1,0,1.0,1.0,0.0,0.0,0.00020004,1,0.0
417,0.66666667,0,0.0,0.0,0.33333333,0.0,0.0,0.5,2.0
418,1.0,0,0.0,0.0,0.0,0.0,0.0,1.0,1.0
419,1.0,0,0.0,0.0,0.0,0.0,0.0,1.0,1.0
420,1.0,0,0.0,0.0,0.0,0.0,0.0,1.0,1.0
421,1,0,1.0,1.0,0.0,0.0,0.00020004,1,0.0
422,1.0,0,0.0,0.0,0.0,0.0,0.0,1.0,1.0
423,1,0,1.0,1.0,0.0,0.0,0.00020004,1,0.0
424,1,0,1.0,1.0,0.0,0.0,0.00020004,1,0.0
425,0.66666667,0,0.0,0.0,0.33333333,0.0,0.0,0.5,2.0
426,1,0,1.0,1.0,0.0,0.0,0.00020004,1,0.0
427,1.0,0,0.0,0.0,0.0,0.0,0.0,1.0,1.0
428,1.0,0,0.0,0.0,0.0,0.0,0.0,1.0,1.0
429,0.66666667,0,0.2,0.0,0.33333333,0.0,6.671e-05,0.5,2.0
430,0.66666667,0,0.0,0.0,0.33333333,0.0,0.0,0.5,2.0
431,1.0,0,0.0,0.0,0.0,0.0,0.0,1.0,1.0
432,1.0,1.0,0.0,0.0,1.0,1.0,0.0,1.0,3.0
433,1.0,0,0.0,0.0,0.0,0.0,0.0,1.0,1.0
434,1.0,0,0.0,0.0,0.0,0.0,0.0,1.0,1.0
435,0.66666667,0,0.0,0.0,0.33333333,0.0,0.0,0.5,2.0
436,1.0,0,0.0,0.0,0.0,0.0,0.0,1.0,1.0
437,1.0,0,0.0,0.0,0.0,0.0,0.0,1.0,1.0
438,1.0,1.0,0.07692308,0.0,1.0,1.0,5.004e-05,1.0,6.0
439,1,0,1.0,1.0,0.0,0.0,0.00020004,1,0.0
440,1,0,1.0,1.0,0.0,0.0,0.00020004,1,0.0
441,1.0,0,0.0,0.0,0.0,0.0,0.0,1.0,1.0
442,1.0,0,0.0,0.0,0.0,0.0,0.0,1.0,1.0
443,1.0,0,0.0,0.0,0.0,0.0,0.0,1.0,1.0
444,0.66666667,0,0.0,0.0,0.33333333,0.0,0.0,0.5,2.0
445,1.0,0,0.0,0.0,0.0,0.0,0.0,1.0,1.0
446,1.0,0,0.0,0.0,0.0,0.0,0.0,1.0,1.0
447,0.66666667,0,0.0,0.0,0.33333333,0.0,0.0,0.5,2.0
448,1.0,0,0.0,0.0,0.0,0.0,0.0,1.0,1.0
449,1.0,0,0.5,0.0,0.0,0.0,0.00020008,1.0,0.5
450,1.0,0,0.0,0.0,0.0,0.0,0.0,1.0,1.0
451,1,0,1.0,1.0,0.0,0.0,0.00020004,1,0.0
452,1.0,0,0.0,0.0,0.0,0.0,0.0,1.0,1.0
453,0.66666667,0,0.2,0.0,0.33333333,0.0,6.671e-05,0.5,2.0
454,0.66666667,0,0.0,0.0,0.33333333,0.0,0.0,0.5,2.0
455,1,0,1.0,1.0,0.0,0.0,0.00020004,1,0.0
456,0.5,0,0.0,0.0,0.25,0.0,0.0,0.33333333,3.0
457,1.0,1.0,0.25,0.0,1.0,1.0,0.00013341,1.0,1.5
458,0.33333333,0,0.41176471,0.16666667,0.33333333,0.0,0.00023361,0.2,0.71428571
459,0.52380952,0.46153846,0.12,0.0,1.0,0.85714286,8.583e-05,0.33333333,3.66666667
460,1,0,1.0,1.0,0.0,0.0,0.00020004,1,0.0
461,1.0,0,0.0,0.0,0.0,0.0,0.0,1.0,1.0
462,0.66666667,0,0.0,0.0,0.33333333,0.0,0.0,0.5,2.0
463,1,0,1.0,1.0,0.0,0.0,0.00060012,1,0.0
464,0.66666667,0,0.0,0.0,0.33333333,0.0,0.0,0.5,2.0
465,1.0,0,0.0,0.0,0.0,0.0,0.0,1.0,1.0
466,0.66666667,0,0.0,0.0,0.33333333,0.0,0.0,0.5,2.0
467,1,0,1.0,1.0,0.0,0.0,0.00020004,1,0.0
468,0.5,0,0.14285714,0.0,0.25,0.0,5.004e-05,0.33333333,3.0
469,1,0,1.0,1.0,0.0,0.0,0.00040008,1,0.0
470,1.0,0,0.0,0.0,0.0,0.0,0.0,1.0,1.0
471,1,0,1.0,1.0,0.0,0.0,0.00020004,1,0.0
472,1.0,0,0.0,0.0,0.0,0.0,0.0,1.0,1.0
473,0.2,0,0.0,0.0,0.4,0.0,0.0,0.11111111,9.0
474,1,0,1.0,1.0,0.0,0.0,0.00040008,1,0.0
475,1.0,0,0.0,0.0,0.0,0.0,0.0,1.0,1.0
476,1,0,1.0,1.0,0.0,0.0,0.00020004,1,0.0
477,1.0,0,0.0,0.0,0.0,0.0,0.0,1.0,1.0
478,1.0,0,0.0,0.0,0.0,0.0,0.0,1.0,1.0
479,0.66666667,0,0.0,0.0,0.33333333,0.0,0.0,0.5,2.0
480,1.0,0,0.0,0.0,0.0,0.0,0.0,1.0,1.0
481,1.0,0,0.0,0.0,0.0,0.0,0.0,1.0,1.0
482,1,0,1.0,1.0,0.0,0.0,0.00020004,1,0.0
483,1.0,0,0.0,0.0,0.0,0.0,0.0,1.0,1.0
484,1,0,1.0,1.0,0.0,0.0,0.00080016,1,0.0
485,1.0,1.0,0.0,0.0,1.0,1.0,0.0,1.0,3.0
486,0.83333333,0.75,0.16666667,0.0,1.0,1.0,0.00010008,0.66666667,2.5
487,1,0,1.0,1.0,0.0,0.0,0.00020004,1,0.0
488,1,0,1.0,1.0,0.0,0.0,0.00060012,1,0.0
489,1,0,1.0,1.0,0.0,0.0,0.00020004,1,0.0
490,1.0,0,0.0,0.0,0.0,0.0,0.0,1.0,1.0
491,1.0,0,0.0,0.0,0.0,0.0,0.0,1.0,1.0
492,1.0,0,0.0,0.0,0.0,0.0,0.0,1.0,1.0
493,0.66666667,0,0.0,0.0,0.33333333,0.0,0.0,0.5,2.0
494,0.66666667,0,0.0,0.0,0.33333333,0.0,0.0,0.5,2.0
495,0.83333333,0.75,0.0,0.0,1.0,1.0,0.0,0.66666667,5.0
496,1.0,0,0.0,0.0,0.0,0.0,0.0,1.0,1.0
497,1.0,0,0.0,0.0,0.0,0.0,0.0,1.0,1.0
498,1.0,0,0.0,0.0,0.0,0.0,0.0,1.0,1.0
499,0.5,0,0.0,0.0,0.5,0.0,0.0,0.33333333,3.0
500,1,0,1.0,1.0,0.0,0.0,0.00020004,1,0.0
501,1.0,1.0,0.0,0.0,1.0,1.0,0.0,1.0,3.0
502,0.5,0.375,0.28571429,0.2,0.6,0.6,0.00016016,0.25,1.25
503,1.0,0,0.0,0.0,0.0,0.0,0.0,1.0,1.0
504,0.4,0,0.0,0.0,0.2,0.0,0.0,0.25,4.0
505,1.0,0,0.0,0.0,0.0,0.0,0.0,1.0,1.0
506,1.0,0,0.0,0.0,0.0,0.0,0.0,1.0,1.0
507,0.33333333,0,0.0,0.0,0.5,0.0,0.0,0.2,5.0
508,0.83333333,0.75,0.09090909,0.0,1.0,1.0,5.004e-05,0.66666667,5.0
509,1.0,0,0.0,0.0,0.0,0.0,0.0,1.0,1.0
510,1,0,1.0,1.0,0.0,0.0,0.00020004,1,0.0
511,1.0,0,0.0,0.0,0.0,0.0,0.0,1.0,1.0
512,1,0,1.0,1.0,0.0,0.0,0.00020004,1,0.0
513,1.0,0,0.0,0.0,0.0,0.0,0.0,1.0,1.0
514,1.0,0,0.0,0.0,0.0,0.0,0.0,1.0,1.0
515,1,0,1.0,1.0,0.0,0.0,0.00020004,1,0.0
516,1.0,0,0.0,0.0,0.0,0.0,0.0,1.0,1.0
517,1.0,1.0,0.14285714,0.0,1.0,1.0,6.671e-05,1.0,3.0
518,1.0,0,0.0,0.0,0.0,0.0,0.0,1.0,1.0
519,1,0,1.0,1.0,0.0,0.0,0.00040008,1,0.0
520,1.0,1.0,0.07692308,0.0,1.0,1.0,5.004e-05,1.0,6.0
521,1.0,0,0.0,0.0,0.0,0.0,0.0,1.0,1.0
522,1.0,0,0.0,0.0,0.0,0.0,0.0,1.0,1.0
523,1.0,1.0,0.0,0.0,1.0,1.0,0.0,1.0,3.0
524,1,0,1.0,1.0,0.0,0.0,0.00020004,1,0.0
525,1.0,0,0.0,0.0,0.0,0.0,0.0,1.0,1.0
526,0.66666667,0,0.0,0.0,0.33333333,0.0,0.0,0.5,2.0
527,1,0,1.0,1.0,0.0,0.0,0.00020004,1,0.0
528,1.0,0,0.0,0.0,0.0,0.0,0.0,1.0,1.0
529,1,0,1.0,1.0,0.0,0.0,0.00020004,1,0.0
530,1,0,1.0,1.0,0.0,0.0,0.00020004,1,0.0
531,1.0,0,0.0,0.0,0.0,0.0,0.0,1.0,1.0
532,1.0,0,0.0,0.0,0.0,0.0,0.0,1.0,1.0
533,0.66666667,0.6,0.38461538,0.0,0.75,0.75,0.0002502,0.33333333,0.8
534,1,0,1.0,1.0,0.0,0.0,0.00020004,1,0.0
535,1.0,0,0.0,0.0,0.0,0.0,0.0,1.0,1.0
536,0.33333333,0,0.0,0.0,0.33333333,0.0,0.0,0.2,5.0
537,1,0,1.0,1.0,0.0,0.0,0.00020004,1,0.0
538,1.0,0,0.0,0.0,0.0,0.0,0.0,1.0,1.0
539,1.0,0,0.0,0.0,0.0,0.0,0.0,1.0,1.0
540,1,0,1.0,1.0,0.0,0.0,0.00020004,1,0.0
541,1.0,0,0.0,0.0,0.0,0.0,0.0,1.0,1.0
542,0.4,0,0.11111111,0.0,0.2,0.0,4.004e-05,0.25,4.0
543,1,0,1.0,1.0,0.0,0.0,0.00020004,1,0.0
544,1.0,0,0.0,0.0,0.0,0.0,0.0,1.0,1.0
545,1,0,1.0,1.0,0.0,0.0,0.00020004,1,0.0
546,1.0,0,0.0,0.0,0.0,0.0,0.0,1.0,1.0
547,1.0,0,0.0,0.0,0.0,0.0,0.0,1.0,1.0
548,0.5,0,0.0,0.0,0.25,0.0,0.0,0.33333333,3.0
549,1.0,1.0,0.25,0.0,1.0,1.0,0.00013341,1.0,1.5
550,1.0,0,0.0,0.0,0.0,0.0,0.0,1.0,1.0
551,1.0,0,0.0,0.0,0.0,0.0,0.0,1.0,1.0
552,1,0,1.0,1.0,0.0,0.0,0.00020004,1,0.0
553,0.66666667,0,0.0,0.0,0.33333333,0.0,0.0,0.5,2.0
554,0.6,0.6,0.14285714,0.2,0.8,0.8,8.008e-05,0.25,3.0
555,0.33333333,0,0.09090909,0.0,0.16666667,0.0,3.337e-05,0.2,5.0
556,0.9,0.875,0.0,0.0,1.0,1.0,0.0,0.75,9.0
557,1.0,0,0.0,0.0,0.0,0.0,0.0,1.0,1.0
558,1.0,0,0.0,0.0,0.0,0.0,0.0,1.0,1.0
559,1.0,0,0.0,0.0,0.0,0.0,0.0,1.0,1.0
560,1,0,1.0,1.0,0.0,0.0,0.00040008,1,0.0
561,1.0,0,0.0,0.0,0.0,0.0,0.0,1.0,1.0
562,1.0,0,0.0,0.0,0.0,0.0,0.0,1.0,1.0
563,1.0,0,0.0,0.0,0.0,0.0,0.0,1.0,1.0
564,0.66666667,0,0.0,0.0,0.33333333,0.0,0.0,0.5,2.0
565,0.25,0,0.0,0.0,0.25,0.0,0.0,0.14285714,7.0
566,1.0,0,0.0,0.0,0.0,0.0,0.0,1.0,1.0
567,1,0,1.0,1.0,0.0,0.0,0.00020004,1,0.0
568,1.0,0,0.0,0.0,0.0,0.0,0.0,1.0,1.0
569,1.0,0,0.0,0.0,0.0,0.0,0.0,1.0,1.0
570,1,0,1.0,1.0,0.0,0.0,0.00020004,1,0.0
571,1.0,0,0.0,0.0,0.0,0.0,0.0,1.0,1.0
572,1.0,1.0,0.14285714,0.0,1.0,1.0,6.671e-05,1.0,3.0
573,0.66666667,0.6,0.27272727,0.0,0.75,0.75,0.00015012,0.33333333,1.33333333
574,0.66666667,0.6,0.2,0.25,0.75,0.75,0.00010008,0.33333333,2.0
575,1.0,1.0,0.0,0.0,1.0,1.0,0.0,1.0,3.0
576,1,0,1.0,1.0,0.0,0.0,0.00040008,1,0.0
577,0.4,0,0.0,0.0,0.4,0.0,0.0,0.25,4.0
578,1.0,0,0.0,0.0,0.0,0.0,0.0,1.0,1.0
579,0.4,0,0.11111111,0.0,0.4,0.0,4.004e-05,0.25,4.0
580,0.66666667,0,0.0,0.0,0.33333333,0.0,0.0,0.5,2.0
581,1.0,0,0.0,0.0,0.0,0.0,0.0,1.0,1.0
582,1.0,0,0.0,0.0,0.0,0.0,0.0,1.0,1.0
583,1.0,0,0.0,0.0,0.0,0.0,0.0,1.0,1.0
584,0.4,0,0.11111111,0.0,0.2,0.0,4.004e-05,0.25,4.0
585,1,0,1.0,1.0,0.0,0.0,0.00020004,1,0.0
586,0.5,0,0.0,0.0,0.25,0.0,0.0,0.33333333,3.0
587,1,0,1.0,1.0,0.0,0.0,0.00040008,1,0.0
588,1.0,0,0.0,0.0,0.0,0.0,0.0,1.0,1.0
589,1.0,0,0.0,0.0,0.0,0.0,0.0,1.0,1.0
590,1.0,0,0.0,0.0,0.0,0.0,0.0,1.0,1.0
591,1.0,0,0.0,0.0,0.0,0.0,0.0,1.0,1.0
592,1.0,0,0.0,0.0,0.0,0.0,0.0,1.0,1.0
593,0.83333333,0.75,0.375,0.25,1.0,1.0,0.00030024,0.66666667,0.83333333
594,1,0,1.0,1.0,0.0,0.0,0.00020004,1,0.0
595,1,0,1.0,1.0,0.0,0.0,0.00020004,1,0.0
596,0.33333333,0,0.0,0.0,0.16666667,0.0,0.0,0.2,5.0
597,0.66666667,0,0.0,0.0,0.33333333,0.0,0.0,0.5,2.0
598,1.0,0,0.0,0.0,0.0,0.0,0.0,1.0,1.0
599,0.4,0,0.0,0.0,0.4,0.0,0.0,0.25,4.0
600,1.0,0,0.0,0.0,0.0,0.0,0.0,1.0,1.0
601,1.0,0,0.0,0.0,0.0,0.0,0.0,1.0,1.0
602,1.0,0,0.0,0.0,0.0,0.0,0.0,1.0,1.0
603,0.66666667,0.6,0.27272727,0.0,0.75,0.75,0.00015012,0.33333333,1.33333333
604,1,0,1.0,1.0,0.0,0.0,0.00020004,1,0.0
605,1,0,1.0,1.0,0.0,0.0,0.00060012,1,0.0
606,1.0,0,0.0,0.0,0.0,0.0,0.0,1.0,1.0
607,1,0,1.0,1.0,0.0,0.0,0.00020004,1,0.0
608,1.0,1.0,0.14285714,0.0,1.0,1.0,6.671e-05,1.0,3.0
609,1.0,1.0,0.14285714,0.0,1.0,1.0,6.671e-05,1.0,3.0
610,0.5,0,0.0,0.0,0.25,0.0,0.0,0.33333333,3.0
611,1,0,1.0,1.0,0.0,0.0,0.00020004,1,0.0
612,1.0,0,0.0,0.0,0.0,0.0,0.0,1.0,1.0
613,1,0,1.0,1.0,0.0,0.0,0.00020004,1,0.0
614,1,0,1.0,1.0,0.0,0.0,0.00040008,1,0.0
615,1.0,1.0,0.45454545,0.33333333,1.0,1.0,0.00033353,1.0,0.6
616,1.0,0,0.0,0.0,0.0,0.0,0.0,1.0,1.0
617,1,0,1.0,1.0,0.0,0.0,0.00020004,1,0.0
618,1,0,1.0,1.0,0.0,0.0,0.00020004,1,0.0
619,0.66666667,0,0.0,0.0,0.33333333,0.0,0.0,0.5,2.0
620,1.0,0,0.0,0.0,0.0,0.0,0.0,1.0,1.0
621,1.0,0,0.0,0.0,0.0,0.0,0.0,1.0,1.0
622,1,0,1.0,1.0,0.0,0.0,0.00020004,1,0.0
623,1.0,0,0.0,0.0,0.0,0.0,0.0,1.0,1.0
624,0.66666667,0.6,0.2,0.0,0.75,0.75,0.00010008,0.33333333,2.0
625,1.0,0,0.0,0.0,0.0,0.0,0.0,1.0,1.0
626,1.0,0,0.0,0.0,0.0,0.0,0.0,1.0,1.0
627,1,0,1.0,1.0,0.0,0.0,0.00060012,1,0.0
628,1,0,1.0,1.0,0.0,0.0,0.00020004,1,0.0
629,0.8,0.78947368,0.23809524,0.2,1.0,1.0,0.0002002,0.5,1.6
630,0.4,0,0.0,0.0,0.4,0.0,0.0,0.25,4.0
631,0.66666667,0,0.0,0.0,0.33333333,0.0,0.0,0.5,2.0
632,1,0,1.0,1.0,0.0,0.0,0.00020004,1,0.0
633,1,0,1.0,1.0,0.0,0.0,0.00020004,1,0.0
634,1.0,0,0.0,0.0,0.0,0.0,0.0,1.0,1.0
635,0.5,0,0.0,0.0,0.5,0.0,0.0,0.33333333,3.0
636,1.0,0,0.0,0.0,0.0,0.0,0.0,1.0,1.0
637,0.66666667,0,0.0,0.0,0.33333333,0.0,0.0,0.5,2.0
638,1.0,0,0.0,0.0,0.0,0.0,0.0,1.0,1.0
639,1.0,0,0.0,0.0,0.0,0.0,0.0,1.0,1.0
640,0.5,0,0.0,0.0,0.5,0.0,0.0,0.33333333,3.0
641,1.0,0,0.0,0.0,0.0,0.0,0.0,1.0,1.0
642,1.0,0,0.0,0.0,0.0,0.0,0.0,1.0,1.0
643,1.0,0,0.0,0.0,0.0,0.0,0.0,1.0,1.0
644,0.66666667,0,0.0,0.0,0.33333333,0.0,0.0,0.5,2.0
645,1.0,0,0.0,0.0,0.0,0.0,0.0,1.0,1.0
646,0.66666667,0,0.0,0.0,0.33333333,0.0,0.0,0.5,2.0
647,1,0,1.0,1.0,0.0,0.0,0.00020004,1,0.0
648,1,0,1.0,1.0,0.0,0.0,0.00020004,1,0.0
649,1.0,0,0.0,0.0,0.0,0.0,0.0,1.0,1.0
650,1.0,0,0.0,0.0,0.0,0.0,0.0,1.0,1.0
651,1,0,1.0,1.0,0.0,0.0,0.00020004,1,0.0
652,1.0,1.0,0.0,0.0,1.0,1.0,0.0,1.0,3.0
653,0.6,0.5,0.05263158,0.0,1.0,1.0,3.337e-05,0.4,9.0
654,1,0,1.0,1.0,0.0,0.0,0.00040008,1,0.0
655,0.83333333,0.75,0.0,0.0,1.0,1.0,0.0,0.66666667,5.0
656,1.0,0,0.0,0.0,0.0,0.0,0.0,1.0,1.0
657,0.66666667,0,0.0,0.0,0.33333333,0.0,0.0,0.5,2.0
658,1,0,1.0,1.0,0.0,0.0,0.00020004,1,0.0
659,1,0,1.0,1.0,0.0,0.0,0.00020004,1,0.0
660,0.66666667,0,0.0,0.0,0.33333333,0.0,0.0,0.5,2.0
661,1.0,0,0.0,0.0,0.0,0.0,0.0,1.0,1.0
662,0.5,0.375,0.56521739,0.4,0.6,0.6,0.00052052,0.25,0.38461538
663,0.66666667,0,0.2,0.0,0.33333333,0.0,6.671e-05,0.5,2.0
664,0.66666667,0,0.0,0.0,0.33333333,0.0,0.0,0.5,2.0
665,1.0,0,0.0,0.0,0.0,0.0,0.0,1.0,1.0
666,0.83333333,0.75,0.0,0.0,1.0,1.0,0.0,0.66666667,5.0
667,0.66666667,0,0.0,0.0,0.33333333,0.0,0.0,0.5,2.0
668,1,0,1.0,1.0,0.0,0.0,0.00040008,1,0.0
669,1.0,0,0.0,0.0,0.0,0.0,0.0,1.0,1.0
670,0.66666667,0,0.0,0.0,0.33333333,0.0,0.0,0.5,2.0
671,1.0,0,0.0,0.0,0.0,0.0,0.0,1.0,1.0
672,0.66666667,0,0.0,0.0,0.33333333,0.0,0.0,0.5,2.0
673,1.0,0,0.0,0.0,0.0,0.0,0.0,1.0,1.0
674,1,0,1.0,1.0,0.0,0.0,0.00020004,1,0.0
675,1.0,0,0.0,0.0,0.0,0.0,0.0,1.0,1.0
676,1.0,1.0,0.0,0.0,1.0,1.0,0.0,1.0,3.0
677,1,0,1.0,1.0,0.0,0.0,0.00020004,1,0.0
678,1.0,0,0.0,0.0,0.0,0.0,0.0,1.0,1.0
679,1.0,1.0,0.25,0.0,1.0,1.0,0.00013341,1.0,1.5
680,1.0,0,0.0,0.0,0.0,0.0,0.0,1.0,1.0
681,1.0,0,0.0,0.0,0.0,0.0,0.0,1.0,1.0
682,1.0,0,0.0,0.0,0.0,0.0,0.0,1.0,1.0
683,0.5,0,0.0,0.0,0.25,0.0,0.0,0.33333333,3.0
684,1,0,1.0,1.0,0.0,0.0,0.00020004,1,0.0
685,0.66666667,0,0.0,0.0,0.33333333,0.0,0.0,0.5,2.0
686,0.66666667,0,0.0,0.0,0.33333333,0.0,0.0,0.5,2.0
687,1.0,0,0.0,0.0,0.0,0.0,0.0,1.0,1.0
688,1.0,1.0,0.4,0.33333333,1.0,1.0,0.00026683,1.0,0.75
689,1.0,0,0.0,0.0,0.0,0.0,0.0,1.0,1.0
690,1.0,0,0.0,0.0,0.0,0.0,0.0,1.0,1.0
691,1.0,0,0.0,0.0,0.0,0.0,0.0,1.0,1.0
692,1.0,0,0.0,0.0,0.0,0.0,0.0,1.0,1.0
693,1,0,1.0,1.0,0.0,0.0,0.00020004,1,0.0
694,1.0,0,0.0,0.0,0.0,0.0,0.0,1.0,1.0
695,1,0,1.0,1.0,0.0,0.0,0.00020004,1,0.0
696,1.0,0,0.0,0.0,0.0,0.0,0.0,1.0,1.0
697,1.0,0,0.0,0.0,0.0,0.0,0.0,1.0,1.0
698,1.0,0,0.0,0.0,0.0,0.0,0.0,1.0,1.0
699,1,0,1.0,1.0,0.0,0.0,0.00020004,1,0.0
700,1.0,0,0.0,0.0,0.0,0.0,0.0,1.0,1.0
701,1,0,1.0,1.0,0.0,0.0,0.00040008,1,0.0
702,1.0,1.0,0.14285714,0.0,1.0,1.0,6.671e-05,1.0,3.0
703,1,0,1.0,1.0,0.0,0.0,0.00040008,1,0.0
704,0.5,0,0.0,0.0,0.25,0.0,0.0,0.33333333,3.0
705,1.0,0,0.0,0.0,0.0,0.0,0.0,1.0,1.0
706,1,0,1.0,1.0,0.0,0.0,0.00020004,1,0.0
707,1.0,1.0,0.0,0.0,1.0,1.0,0.0,1.0,3.0
708,1.0,0,0.5,0.0,0.0,0.0,0.00020008,1.0,0.5
709,1,0,1.0,1.0,0.0,0.0,0.00080016,1,0.0
710,1,0,1.0,1.0,0.0,0.0,0.00040008,1,0.0
711,1.0,0,0.0,0.0,0.0,0.0,0.0,1.0,1.0
712,0.66666667,0,0.0,0.0,0.33333333,0.0,0.0,0.5,2.0
713,1,0,1.0,1.0,0.0,0.0,0.00020004,1,0.0
714,1,0,1.0,1.0,0.0,0.0,0.00020004,1,0.0
715,1.0,1.0,0.0,0.0,1.0,1.0,0.0,1.0,3.0
716,1,0,1.0,1.0,0.0,0.0,0.00020004,1,0.0
717,1.0,0,0.0,0.0,0.0,0.0,0.0,1.0,1.0
718,1,0,1.0,1.0,0.0,0.0,0.00020004,1,0.0
719,0.66666667,0,0.0,0.0,0.33333333,0.0,0.0,0.5,2.0
720,1.0,0,0.0,0.0,0.0,0.0,0.0,1.0,1.0
721,1.0,0,0.0,0.0,0.0,0.0,0.0,1.0,1.0
722,1.0,0,0.0,0.0,0.0,0.0,0.0,1.0,1.0
723,1,0,1.0,1.0,0.0,0.0,0.00020004,1,0.0
724,0.53333333,0.6,0.05882353,0.0,1.0,1.0,3.337e-05,0.4,8.0
725,1,0,1.0,1.0,0.0,0.0,0.00020004,1,0.0
726,0.6,0.6,0.4,0.2,1.0,1.0,0.00032032,0.5,0.75
727,1.0,1.0,0.0,0.0,1.0,1.0,0.0,1.0,3.0
728,1.0,0,0.0,0.0,0.0,0.0,0.0,1.0,1.0
729,1,0,1.0,1.0,0.0,0.0,0.00020004,1,0.0
730,1.0,0,0.0,0.0,0.0,0.0,0.0,1.0,1.0
731,1.0,0,0.0,0.0,0.0,0.0,0.0,1.0,1.0
732,1,0,1.0,1.0,0.0,0.0,0.00040008,1,0.0
733,1.0,0,0.0,0.0,0.0,0.0,0.0,1.0,1.0
734,1.0,0,0.0,0.0,0.0,0.0,0.0,1.0,1.0
735,1.0,0,0.0,0.0,0.0,0.0,0.0,1.0,1.0
736,1,0,1.0,1.0,0.0,0.0,0.00020004,1,0.0
737,0.33333333,0,0.0,0.0,0.16666667,0.0,0.0,0.2,5.0
738,1.0,0,0.0,0.0,0.0,0.0,0.0,1.0,1.0
739,0.66666667,0,0.2,0.0,0.33333333,0.0,6.671e-05,0.5,2.0
740,1,0,1.0,1.0,0.0,0.0,0.00040008,1,0.0
741,1,0,1.0,1.0,0.0,0.0,0.00020004,1,0.0
742,1.0,0,0.0,0.0,0.0,0.0,0.0,1.0,1.0
743,1.0,0,0.0,0.0,0.0,0.0,0.0,1.0,1.0
744,1,0,1.0,1.0,0.0,0.0,0.00020004,1,0.0
745,1.0,0,0.0,0.0,0.0,0.0,0.0,1.0,1.0
746,1,0,1.0,1.0,0.0,0.0,0.00020004,1,0.0
747,1.0,0,0.33333333,0.0,0.0,0.0,0.00010004,1.0,1.0
748,1.0,0,0.0,0.0,0.0,0.0,0.0,1.0,1.0
749,0.66666667,0,0.0,0.0,0.33333333,0.0,0.0,0.5,2.0
750,1.0,0,0.0,0.0,0.0,0.0,0.0,1.0,1.0
751,1.0,0,0.0,0.0,0.0,0.0,0.0,1.0,1.0
752,1.0,0,0.0,0.0,0.0,0.0,0.0,1.0,1.0
753,1,0,1.0,1.0,0.0,0.0,0.00020004,1,0.0
754,1,0,1.0,1.0,0.0,0.0,0.00020004,1,0.0
755,1,0,1.0,1.0,0.0,0.0,0.00020004,1,0.0
756,1.0,0,0.0,0.0,0.0,0.0,0.0,1.0,1.0
757,1.0,0,0.0,0.0,0.0,0.0,0.0,1.0,1.0
758,1,0,1.0,1.0,0.0,0.0,0.00020004,1,0.0
759,1,0,1.0,1.0,0.0,0.0,0.00020004,1,0.0
760,1.0,0,0.0,0.0,0.0,0.0,0.0,1.0,1.0
761,0.66666667,0,0.0,0.0,0.33333333,0.0,0.0,0.5,2.0
762,1.0,0,0.0,0.0,0.0,0.0,0.0,1.0,1.0
763,1,0,1.0,1.0,0.0,0.0,0.00020004,1,0.0
764,1,0,1.0,1.0,0.0,0.0,0.00020004,1,0.0
765,1.0,0,0.0,0.0,0.0,0.0,0.0,1.0,1.0
766,1,0,1.0,1.0,0.0,0.0,0.00060012,1,0.0
767,0.66666667,0,0.0,0.0,0.33333333,0.0,0.0,0.5,2.0
768,0.22222222,0,0.05882353,0.0,0.22222222,0.0,2.226e-05,0.125,8.0
769,1.0,0,0.0,0.0,0.0,0.0,0.0,1.0,1.0
770,0.66666667,0,0.0,0.0,0.33333333,0.0,0.0,0.5,2.0
771,0.85714286,0.85714286,0.1,0.0,1.0,1.0,0.00011445,0.66666667,4.5
772,0.66666667,0,0.0,0.0,0.33333333,0.0,0.0,0.5,2.0
773,1.0,1.0,0.16666667,0.0,1.0,1.0,0.00016016,1.0,2.5
774,0.66666667,0,0.0,0.0,0.33333333,0.0,0.0,0.5,2.0
775,1,0,1.0,1.0,0.0,0.0,0.00020004,1,0.0
776,1,0,1.0,1.0,0.0,0.0,0.00020004,1,0.0
777,1,0,1.0,1.0,0.0,0.0,0.00020004,1,0.0
778,1.0,1.0,0.0,0.0,1.0,1.0,0.0,1.0,3.0
779,0.5,0,0.0,0.0,0.25,0.0,0.0,0.33333333,3.0
780,0.66666667,0,0.2,0.0,0.33333333,0.0,6.671e-05,0.5,2.0
781,0.66666667,0,0.0,0.0,0.33333333,0.0,0.0,0.5,2.0
782,0.66666667,0,0.0,0.0,0.33333333,0.0,0.0,0.5,2.0
783,1.0,0,0.0,0.0,0.0,0.0,0.0,1.0,1.0
784,0.33333333,0,0.0,0.0,0.16666667,0.0,0.0,0.2,5.0
785,0.66666667,0,0.2,0.0,0.33333333,0.0,6.671e-05,0.5,2.0
786,1,0,1.0,1.0,0.0,0.0,0.00020004,1,0.0
787,0.5,0,0.0,0.0,0.25,0.0,0.0,0.33333333,3.0
788,1,0,1.0,1.0,0.0,0.0,0.00020004,1,0.0
789,0.5,0,0.0,0.0,0.25,0.0,0.0,0.33333333,3.0
790,1.0,0,0.0,0.0,0.0,0.0,0.0,1.0,1.0
791,1,0,1.0,1.0,0.0,0.0,0.00020004,1,0.0
792,1.0,0,0.0,0.0,0.0,0.0,0.0,1.0,1.0
793,0.5,0,0.25,0.0,0.5,0.0,0.00010008,0.33333333,1.5
794,1.0,0,0.0,0.0,0.0,0.0,0.0,1.0,1.0
795,0.5,0.5,0.28571429,0.0,0.8,0.6,0.00016016,0.25,1.25
796,1.0,0,0.0,0.0,0.0,0.0,0.0,1.0,1.0
797,1.0,0,0.0,0.0,0.0,0.0,0.0,1.0,1.0
798,1.0,0,0.0,0.0,0.0,0.0,0.0,1.0,1.0
799,1.0,0,0.0,0.0,0.0,0.0,0.0,1.0,1.0
800,1,0,1.0,1.0,0.0,0.0,0.00020004,1,0.0
801,0.8,0.78947368,0.0,0.0,1.0,1.0,0.0,0.5,8.0
802,1.0,0,0.0,0.0,0.0,0.0,0.0,1.0,1.0
803,1.0,0,0.0,0.0,0.0,0.0,0.0,1.0,1.0
804,1,0,1.0,1.0,0.0,0.0,0.00020004,1,0.0
805,1.0,0,0.0,0.0,0.0,0.0,0.0,1.0,1.0
806,1,0,1.0,1.0,0.0,0.0,0.00020004,1,0.0
807,1,0,1.0,1.0,0.0,0.0,0.00020004,1,0.0
808,0.66666667,0,0.0,0.0,0.33333333,0.0,0.0,0.5,2.0
809,0.4,0.42857143,0.5,0.33333333,0.83333333,0.5,0.00040048,0.2,0.5
810,1.0,0,0.0,0.0,0.0,0.0,0.0,1.0,1.0
811,1,0,1.0,1.0,0.0,0.0,0.00020004,1,0.0
812,1,0,1.0,1.0,0.0,0.0,0.00020004,1,0.0
813,1,0,1.0,1.0,0.0,0.0,0.00020004,1,0.0
814,0.5,0,0.0,0.0,0.25,0.0,0.0,0.33333333,3.0
815,1.0,0,0.5,0.0,0.0,0.0,0.00020008,1.0,0.5
816,1.0,0,0.0,0.0,0.0,0.0,0.0,1.0,1.0
817,1,0,1.0,1.0,0.0,0.0,0.00020004,1,0.0
818,1.0,0,0.0,0.0,0.0,0.0,0.0,1.0,1.0
819,1.0,0,0.0,0.0,0.0,0.0,0.0,1.0,1.0
820,1.0,1.0,0.14285714,0.0,1.0,1.0,6.671e-05,1.0,3.0
821,0.5,0,0.23076923,0.0,0.8,0.0,0.00012012,0.25,1.66666667
822,0.66666667,0,0.2,0.0,0.33333333,0.0,6.671e-05,0.5,2.0
823,1,0,1.0,1.0,0.0,0.0,0.00020004,1,0.0
824,1,0,1.0,1.0,0.0,0.0,0.00040008,1,0.0
825,0.83333333,0.75,0.0,0.0,1.0,1.0,0.0,0.66666667,5.0
826,1.0,0,0.0,0.0,0.0,0.0,0.0,1.0,1.0
827,1.0,0,0.0,0.0,0.0,0.0,0.0,1.0,1.0
828,0.5,0,0.0,0.0,0.25,0.0,0.0,0.33333333,3.0
829,1,0,1.0,1.0,0.0,0.0,0.00020004,1,0.0
830,1.0,0,0.0,0.0,0.0,0.0,0.0,1.0,1.0
831,0.22222222,0,0.0,0.0,0.33333333,0.0,0.0,0.125,8.0
832,0.5,0.42857143,0.23076923,0.0,0.6,0.6,0.00012012,0.25,1.66666667
833,1.0,0,0.0,0.0,0.0,0.0,0.0,1.0,1.0
834,1.0,0,0.0,0.0,0.0,0.0,0.0,1.0,1.0
835,1.0,0,0.0,0.0,0.0,0.0,0.0,1.0,1.0
836,0.4,0,0.0,0.0,0.4,0.0,0.0,0.25,4.0
837,1,0,1.0,1.0,0.0,0.0,0.00020004,1,0.0
838,1,0,1.0,1.0,0.0,0.0,0.00020004,1,0.0
839,1,0,1.0,1.0,0.0,0.0,0.00020004,1,0.0
840,1.0,0,0.0,0.0,0.0,0.0,0.0,1.0,1.0
841,1,0,1.0,1.0,0.0,0.0,0.00020004,1,0.0
842,1.0,0,0.5,0.0,0.0,0.0,0.00020008,1.0,0.5
843,0.5,0,0.0,0.0,0.25,0.0,0.0,0.33333333,3.0
844,0.66666667,0,0.0,0.0,0.33333333,0.0,0.0,0.5,2.0
845,1.0,0,0.0,0.0,0.0,0.0,0.0,1.0,1.0
846,1.0,0,0.0,0.0,0.0,0.0,0.0,1.0,1.0
847,1.0,0,0.0,0.0,0.0,0.0,0.0,1.0,1.0
848,1.0,0,0.0,0.0,0.0,0.0,0.0,1.0,1.0
849,0.66666667,0,0.0,0.0,0.33333333,0.0,0.0,0.5,2.0
850,1,0,1.0,1.0,0.0,0.0,0.00060012,1,0.0
851,1.0,0,0.0,0.0,0.0,0.0,0.0,1.0,1.0
852,0.53333333,0.47368421,0.54285714,0.16666667,0.83333333,0.83333333,0.00063409,0.2,0.42105263
853,1.0,0,0.0,0.0,0.0,0.0,0.0,1.0,1.0
854,1.0,1.0,0.14285714,0.0,1.0,1.0,6.671e-05,1.0,3.0
855,1.0,0,0.0,0.0,0.0,0.0,0.0,1.0,1.0
856,1.0,0,0.0,0.0,0.0,0.0,0.0,1.0,1.0
857,1.0,0,0.0,0.0,0.0,0.0,0.0,1.0,1.0
858,1,0,1.0,1.0,0.0,0.0,0.00020004,1,0.0
859,1.0,1.0,0.0,0.0,1.0,1.0,0.0,1.0,3.0
860,1.0,0,0.0,0.0,0.0,0.0,0.0,1.0,1.0
861,1,0,1.0,1.0,0.0,0.0,0.00020004,1,0.0
862,1.0,0,0.0,0.0,0.0,0.0,0.0,1.0,1.0
863,1.0,0,0.0,0.0,0.0,0.0,0.0,1.0,1.0
864,1.0,0,0.0,0.0,0.0,0.0,0.0,1.0,1.0
865,1,0,1.0,1.0,0.0,0.0,0.00020004,1,0.0
866,0.33333333,0,0.0,0.0,0.33333333,0.0,0.0,0.2,5.0
867,1,0,1.0,1.0,0.0,0.0,0.00020004,1,0.0
868,0.66666667,0,0.0,0.0,0.33333333,0.0,0.0,0.5,2.0
869,0.5,0,0.0,0.0,0.25,0.0,0.0,0.33333333,3.0
870,1.0,0,0.0,0.0,0.0,0.0,0.0,1.0,1.0
871,1.0,0,0.0,0.0,0.0,0.0,0.0,1.0,1.0
872,1.0,0,0.0,0.0,0.0,0.0,0.0,1.0,1.0
873,1.0,1.0,0.29411765,0.25,1.0,1.0,0.0002502,1.0,1.2
874,1,0,1.0,1.0,0.0,0.0,0.00020004,1,0.0
875,1,0,1.0,1.0,0.0,0.0,0.00040008,1,0.0
876,1.0,0,0.0,0.0,0.0,0.0,0.0,1.0,1.0
877,0.4,0,0.0,0.0,0.4,0.0,0.0,0.25,4.0
878,1.0,1.0,0.0,0.0,1.0,1.0,0.0,1.0,3.0
879,1,0,1.0,1.0,0.0,0.0,0.00020004,1,0.0
880,1.0,0,0.71428571,1.0,0.0,0.0,0.0005002,1.0,0.2
881,1.0,0,0.0,0.0,0.0,0.0,0.0,1.0,1.0
882,1,0,1.0,1.0,0.0,0.0,0.00020004,1,0.0
883,1,0,1.0,1.0,0.0,0.0,0.00020004,1,0.0
884,1.0,0,0.0,0.0,0.0,0.0,0.0,1.0,1.0
885,1,0,1.0,1.0,0.0,0.0,0.00040008,1,0.0
886,0.83333333,0.75,0.0,0.0,1.0,1.0,0.0,0.66666667,5.0
887,1.0,0,0.0,0.0,0.0,0.0,0.0,1.0,1.0
888,1,0,1.0,1.0,0.0,0.0,0.00020004,1,0.0
889,0.53333333,0.47368421,0.05882353,0.0,0.83333333,0.83333333,3.337e-05,0.2,8.0
890,1.0,0,0.0,0.0,0.0,0.0,0.0,1.0,1.0
891,1.0,1.0,0.0,0.0,1.0,1.0,0.0,1.0,6.0
892,1.0,0,0.0,0.0,0.0,0.0,0.0,1.0,1.0
893,0.66666667,0,0.0,0.0,0.33333333,0.0,0.0,0.5,2.0
894,0.66666667,0,0.0,0.0,0.33333333,0.0,0.0,0.5,2.0
895,0.7,0.6,0.0,0.0,1.0,1.0,0.0,0.5,7.0
896,1.0,1.0,0.0,0.0,1.0,1.0,0.0,1.0,3.0
897,1,0,1.0,1.0,0.0,0.0,0.00020004,1,0.0
898,0.66666667,0,0.0,0.0,0.33333333,0.0,0.0,0.5,2.0
899,1.0,0,0.33333333,0.0,0.0,0.0,0.00010004,1.0,1.0
900,1.0,0,0.0,0.0,0.0,0.0,0.0,1.0,1.0
901,1,0,1.0,1.0,0.0,0.0,0.00020004,1,0.0
902,0.66666667,0,0.0,0.0,0.33333333,0.0,0.0,0.5,2.0
903,1,0,1.0,1.0,0.0,0.0,0.00020004,1,0.0
904,1,0,1.0,1.0,0.0,0.0,0.00020004,1,0.0
905,1,0,1.0,1.0,0.0,0.0,0.00020004,1,0.0
906,0.66666667,0,0.0,0.0,0.33333333,0.0,0.0,0.5,2.0
907,1.0,0,0.33333333,0.0,0.0,0.0,0.00010004,1.0,1.0
908,1,0,1.0,1.0,0.0,0.0,0.00020004,1,0.0
909,1.0,0,0.0,0.0,0.0,0.0,0.0,1.0,1.0
910,1,0,1.0,1.0,0.0,0.0,0.00020004,1,0.0
911,1.0,0,0.0,0.0,0.0,0.0,0.0,1.0,1.0
912,1,0,1.0,1.0,0.0,0.0,0.00040008,1,0.0
913,1.0,0,0.0,0.0,0.0,0.0,0.0,1.0,1.0
914,1.0,0,0.0,0.0,0.0,0.0,0.0,1.0,1.0
915,0.83333333,0.75,0.0,0.0,1.0,1.0,0.0,0.66666667,5.0
916,1,0,1.0,1.0,0.0,0.0,0.00020004,1,0.0
917,1,0,1.0,1.0,0.0,0.0,0.00020004,1,0.0
918,1,0,1.0,1.0,0.0,0.0,0.00020004,1,0.0
919,1.0,1.0,0.0,0.0,1.0,1.0,0.0,1.0,3.0
920,1.0,0,0.0,0.0,0.0,0.0,0.0,1.0,1.0
921,1.0,0,0.0,0.0,0.0,0.0,0.0,1.0,1.0
922,0.83333333,0.75,0.0,0.0,1.0,1.0,0.0,0.66666667,5.0
923,1.0,0,0.0,0.0,0.0,0.0,0.0,1.0,1.0
924,1.0,0,0.0,0.0,0.0,0.0,0.0,1.0,1.0
925,1.0,0,0.0,0.0,0.0,0.0,0.0,1.0,1.0
926,1,0,1.0,1.0,0.0,0.0,0.00020004,1,0.0
927,0.4,0,0.0,0.0,0.4,0.0,0.0,0.25,4.0
928,1,0,1.0,1.0,0.0,0.0,0.00040008,1,0.0
929,1,0,1.0,1.0,0.0,0.0,0.00020004,1,0.0
930,0.83333333,0.75,0.09090909,0.0,1.0,1.0,5.004e-05,0.66666667,5.0
931,1.0,0,0.0,0.0,0.0,0.0,0.0,1.0,1.0
932,1,0,1.0,1.0,0.0,0.0,0.00020004,1,0.0
933,0.83333333,0.75,0.0,0.0,1.0,1.0,0.0,0.66666667,5.0
934,1.0,1.0,0.0,0.0,1.0,1.0,0.0,1.0,3.0
935,0.4,0,0.33333333,0.2,0.4,0.0,0.00016016,0.25,1.0
936,0.4,0,0.11111111,0.0,0.2,0.0,4.004e-05,0.25,4.0
937,1,0,1.0,1.0,0.0,0.0,0.00020004,1,0.0
938,1,0,1.0,1.0,0.0,0.0,0.00020004,1,0.0
939,1,0,1.0,1.0,0.0,0.0,0.00020004,1,0.0
940,1,0,1.0,1.0,0.0,0.0,0.00020004,1,0.0
941,1.0,0,0.0,0.0,0.0,0.0,0.0,1.0,1.0
942,1.0,1.0,0.0,0.0,1.0,1.0,0.0,1.0,3.0
943,0.66666667,0,0.2,0.0,0.33333333,0.0,6.671e-05,0.5,2.0
944,0.66666667,0,0.0,0.0,0.33333333,0.0,0.0,0.5,2.0
945,1.0,0,0.0,0.0,0.0,0.0,0.0,1.0,1.0
946,1,0,1.0,1.0,0.0,0.0,0.00020004,1,0.0
947,1.0,0,0.0,0.0,0.0,0.0,0.0,1.0,1.0
948,1.0,1.0,0.0,0.0,1.0,1.0,0.0,1.0,3.0
949,1.0,0,0.0,0.0,0.0,0.0,0.0,1.0,1.0
950,1.0,0,0.0,0.0,0.0,0.0,0.0,1.0,1.0
951,1,0,1.0,1.0,0.0,0.0,0.00060012,1,0.0
952,1.0,0,0.0,0.0,0.0,0.0,0.0,1.0,1.0
953,1.0,0,0.0,0.0,0.0,0.0,0.0,1.0,1.0
954,1.0,1.0,0.04761905,0.0,1.0,1.0,4.004e-05,1.0,10.0
955,1.0,0,0.0,0.0,0.0,0.0,0.0,1.0,1.0
956,0.66666667,0,0.0,0.0,0.33333333,0.0,0.0,0.5,2.0
957,1,0,1.0,1.0,0.0,0.0,0.00040008,1,0.0
958,0.5,0,0.0,0.0,0.25,0.0,0.0,0.33333333,3.0
959,1.0,0,0.0,0.0,0.0,0.0,0.0,1.0,1.0
960,1.0,0,0.0,0.0,0.0,0.0,0.0,1.0,1.0
961,1.0,0,0.0,0.0,0.0,0.0,0.0,1.0,1.0
962,1,0,1.0,1.0,0.0,0.0,0.00020004,1,0.0
963,1.0,0,0.0,0.0,0.0,0.0,0.0,1.0,1.0
964,0.64285714,0.70833333,0.29411765,0.125,1.0,1.0,0.0003756,0.28571429,1.2
965,1.0,0,0.0,0.0,0.0,0.0,0.0,1.0,1.0
966,1.0,0,0.0,0.0,0.0,0.0,0.0,1.0,1.0
967,1.0,0,0.0,0.0,0.0,0.0,0.0,1.0,1.0
968,1.0,0,0.0,0.0,0.0,0.0,0.0,1.0,1.0
969,1,0,1.0,1.0,0.0,0.0,0.00040008,1,0.0
970,1,0,1.0,1.0,0.0,0.0,0.00020004,1,0.0
971,1,0,1.0,1.0,0.0,0.0,0.00020004,1,0.0
972,0.5,0,0.0,0.0,0.25,0.0,0.0,0.33333333,3.0
973,0.4,0,0.2,0.0,0.4,0.0,8.008e-05,0.25,2.0
974,1,0,1.0,1.0,0.0,0.0,0.00020004,1,0.0
975,1.0,0,0.0,0.0,0.0,0.0,0.0,1.0,1.0
976,1.0,0,0.0,0.0,0.0,0.0,0.0,1.0,1.0
977,1.0,1.0,0.25,0.0,1.0,1.0,0.00013341,1.0,1.5
978,1.0,1.0,0.25,0.0,1.0,1.0,0.00013341,1.0,1.5
979,1.0,0,0.0,0.0,0.0,0.0,0.0,1.0,1.0
980,1.0,0,0.0,0.0,0.0,0.0,0.0,1.0,1.0
981,1,0,1.0,1.0,0.0,0.0,0.00020004,1,0.0
982,0.66666667,0,0.2,0.0,0.33333333,0.0,6.671e-05,0.5,2.0
983,1,0,1.0,1.0,0.0,0.0,0.00040008,1,0.0
984,1.0,0,0.0,0.0,0.0,0.0,0.0,1.0,1.0
985,1.0,1.0,0.0,0.0,1.0,1.0,0.0,1.0,3.0
986,1.0,0,0.0,0.0,0.0,0.0,0.0,1.0,1.0
987,0.66666667,0,0.0,0.0,0.33333333,0.0,0.0,0.5,2.0
988,0.18181818,0,0.04761905,0.0,0.18181818,0.0,1.822e-05,0.1,10.0
989,1,0,1.0,1.0,0.0,0.0,0.00020004,1,0.0
990,1.0,0,0.0,0.0,0.0,0.0,0.0,1.0,1.0
991,0.66666667,0,0.0,0.0,0.33333333,0.0,0.0,0.5,2.0
992,1.0,1.0,0.25,0.0,1.0,1.0,0.00013341,1.0,1.5
993,1.0,0,0.0,0.0,0.0,0.0,0.0,1.0,1.0
994,1,0,1.0,1.0,0.0,0.0,0.00080016,1,0.0
995,1.0,0,0.0,0.0,0.0,0.0,0.0,1.0,1.0
996,1.0,0,0.0,0.0,0.0,0.0,0.0,1.0,1.0
997,0.66666667,0.69230769,0.16666667,0.0,1.0,1.0,0.00013349,0.4,2.5
998,0.5,0,0.0,0.0,0.5,0.0,0.0,0.33333333,3.0
999,1.0,0,0.0,0.0,0.0,0.0,0.0,1.0,1.0
1000,1,0,1.0,1.0,0.0,0.0,0.00020004,1,0.0
1001,1,0,1.0,1.0,0.0,0.0,0.00020004,1,0.0
1002,0.5,0,0.0,0.0,0.5,0.0,0.0,0.33333333,3.0
1003,0.39393939,0.32038835,0.40229885,0.16666667,1.0,0.66666667,0.00058474,0.18181818,0.74285714
1004,0.66666667,0,0.0,0.0,0.33333333,0.0,0.0,0.5,2.0
1005,1.0,0,0.0,0.0,0.0,0.0,0.0,1.0,1.0
1006,1.0,1.0,0.0,0.0,1.0,1.0,0.0,1.0,3.0
1007,1.0,0,0.0,0.0,0.0,0.0,0.0,1.0,1.0
1008,1,0,1.0,1.0,0.0,0.0,0.00020004,1,0.0
1009,1.0,0,0.0,0.0,0.0,0.0,0.0,1.0,1.0
1010,1,0,1.0,1.0,0.0,0.0,0.00020004,1,0.0
1011,1.0,0,0.0,0.0,0.0,0.0,0.0,1.0,1.0
1012,1.0,0,0.0,0.0,0.0,0.0,0.0,1.0,1.0
1013,0.66666667,0,0.0,0.0,0.33333333,0.0,0.0,0.5,2.0
1014,0.5,0,0.0,0.0,0.5,0.0,0.0,0.33333333,3.0
1015,1.0,0,0.0,0.0,0.0,0.0,0.0,1.0,1.0
1016,1.0,0,0.0,0.0,0.0,0.0,0.0,1.0,1.0
1017,1.0,0,0.0,0.0,0.0,0.0,0.0,1.0,1.0
1018,0.83333333,0.75,0.16666667,0.0,1.0,1.0,0.00010008,0.66666667,2.5
1019,1.0,0,0.0,0.0,0.0,0.0,0.0,1.0,1.0
1020,1,0,1.0,1.0,0.0,0.0,0.00020004,1,0.0
1021,1.0,1.0,0.25,0.0,1.0,1.0,0.00013341,1.0,1.5
1022,1,0,1.0,1.0,0.0,0.0,0.00020004,1,0.0
1023,1,0,1.0,1.0,0.0,0.0,0.00020004,1,0.0
1024,1.0,0,0.0,0.0,0.0,0.0,0.0,1.0,1.0
1025,1,0,1.0,1.0,0.0,0.0,0.00040008,1,0.0
1026,1.0,1.0,0.14285714,0.0,1.0,1.0,6.671e-05,1.0,3.0
1027,1,0,1.0,1.0,0.0,0.0,0.00020004,1,0.0
1028,1.0,0,0.0,0.0,0.0,0.0,0.0,1.0,1.0
1029,1.0,0,0.0,0.0,0.0,0.0,0.0,1.0,1.0
1030,0.66666667,0,0.66666667,1.0,0.33333333,0.0,0.00053365,0.5,0.25
1031,1.0,0,0.0,0.0,0.0,0.0,0.0,1.0,1.0
1032,1.0,1.0,0.0,0.0,1.0,1.0,0.0,1.0,3.0
1033,1,0,1.0,1.0,0.0,0.0,0.00020004,1,0.0
1034,1.0,0,0.0,0.0,0.0,0.0,0.0,1.0,1.0
1035,0.11764706,0.1,0.30769231,0.05555556,0.55555556,0.16666667,0.00017842,0.05882353,1.125
1036,1,0,1.0,1.0,0.0,0.0,0.00020004,1,0.0
1037,1,0,1.0,1.0,0.0,0.0,0.00020004,1,0.0
1038,1.0,1.0,0.14285714,0.0,1.0,1.0,6.671e-05,1.0,3.0
1039,1,0,1.0,1.0,0.0,0.0,0.00020004,1,0.0
1040,1.0,0,0.0,0.0,0.0,0.0,0.0,1.0,1.0
1041,1.0,0,0.0,0.0,0.0,0.0,0.0,1.0,1.0
1042,1,0,1.0,1.0,0.0,0.0,0.00020004,1,0.0
1043,1.0,0,0.0,0.0,0.0,0.0,0.0,1.0,1.0
1044,1.0,1.0,0.0,0.0,1.0,1.0,0.0,1.0,3.0
1045,1,0,1.0,1.0,0.0,0.0,0.00020004,1,0.0
1046,1.0,0,0.0,0.0,0.0,0.0,0.0,1.0,1.0
1047,1.0,0,0.0,0.0,0.0,0.0,0.0,1.0,1.0
1048,1,0,1.0,1.0,0.0,0.0,0.00020004,1,0.0
1049,0.66666667,0,0.11111111,0.0,1.0,0.0,5.004e-05,0.66666667,4.0
1050,1,0,1.0,1.0,0.0,0.0,0.00020004,1,0.0
1051,1.0,0,0.0,0.0,0.0,0.0,0.0,1.0,1.0
1052,1.0,0,0.0,0.0,0.0,0.0,0.0,1.0,1.0
1053,1,0,1.0,1.0,0.0,0.0,0.00020004,1,0.0
1054,0.83333333,0.75,0.28571429,0.25,1.0,1.0,0.00020016,0.66666667,1.25
1055,1.0,0,0.0,0.0,0.0,0.0,0.0,1.0,1.0
1056,1.0,1.0,0.0,0.0,1.0,1.0,0.0,1.0,3.0
1057,0.13333333,0,0.06666667,0.0,0.2,0.0,2.675e-05,0.07142857,7.0
1058,0.66666667,0,0.2,0.0,0.33333333,0.0,6.671e-05,0.5,2.0
1059,1.0,0,0.0,0.0,0.0,0.0,0.0,1.0,1.0
1060,1,0,1.0,1.0,0.0,0.0,0.00020004,1,0.0
1061,1.0,0,0.0,0.0,0.0,0.0,0.0,1.0,1.0
1062,1.0,0,0.0,0.0,0.0,0.0,0.0,1.0,1.0
1063,1,0,1.0,1.0,0.0,0.0,0.00020004,1,0.0
1064,1,0,1.0,1.0,0.0,0.0,0.00040008,1,0.0
1065,0.66666667,0,0.0,0.0,0.33333333,0.0,0.0,0.5,2.0
1066,1.0,0,0.0,0.0,0.0,0.0,0.0,1.0,1.0
1067,1,0,1.0,1.0,0.0,0.0,0.00020004,1,0.0
1068,0.83333333,0.75,0.0,0.0,1.0,1.0,0.0,0.66666667,5.0
1069,1.0,0,0.0,0.0,0.0,0.0,0.0,1.0,1.0
1070,1,0,1.0,1.0,0.0,0.0,0.00020004,1,0.0
1071,1,0,1.0,1.0,0.0,0.0,0.00020004,1,0.0
1072,0.4,0,0.0,0.0,0.2,0.0,0.0,0.25,4.0
1073,1,0,1.0,1.0,0.0,0.0,0.00060012,1,0.0
1074,1.0,0,0.0,0.0,0.0,0.0,0.0,1.0,1.0
1075,1.0,0,0.0,0.0,0.0,0.0,0.0,1.0,1.0
1076,0.5,0,0.0,0.0,0.5,0.0,0.0,0.33333333,3.0
1077,1.0,0,0.0,0.0,0.0,0.0,0.0,1.0,1.0
1078,0.66666667,0,0.2,0.0,0.33333333,0.0,6.671e-05,0.5,2.0
1079,1.0,0,0.0,0.0,0.0,0.0,0.0,1.0,1.0
1080,0.28571429,0,0.07692308,0.0,0.57142857,0.0,2.861e-05,0.16666667,6.0
1081,1.0,0,0.0,0.0,0.0,0.0,0.0,1.0,1.0
1082,0.33333333,0,0.0,0.0,0.33333333,0.0,0.0,0.2,5.0
1083,0.66666667,0,0.2,0.0,0.33333333,0.0,6.671e-05,0.5,2.0
1084,1,0,1.0,1.0,0.0,0.0,0.00020004,1,0.0
1085,0.66666667,0,0.0,0.0,0.33333333,0.0,0.0,0.5,2.0
1086,0.61904762,0.65853659,0.03703704,0.0,1.0,1.0,2.861e-05,0.33333333,13.0
1087,1.0,1.0,0.0,0.0,1.0,1.0,0.0,1.0,6.0
1088,1.0,0,0.0,0.0,0.0,0.0,0.0,1.0,1.0
1089,0.5,0,0.0,0.0,0.25,0.0,0.0,0.33333333,3.0
1090,0.66666667,0,0.0,0.0,0.33333333,0.0,0.0,0.5,2.0
1091,1.0,0,0.0,0.0,0.0,0.0,0.0,1.0,1.0
1092,1.0,0,0.0,0.0,0.0,0.0,0.0,1.0,1.0
1093,1,0,1.0,1.0,0.0,0.0,0.00020004,1,0.0
1094,1.0,1.0,0.14285714,0.0,1.0,1.0,6.671e-05,1.0,3.0
1095,0.66666667,0,0.0,0.0,0.33333333,0.0,0.0,0.5,2.0
1096,1.0,0,0.6,0.5,0.0,0.0,0.00030012,1.0,0.33333333
1097,1.0,0,0.0,0.0,0.0,0.0,0.0,1.0,1.0
1098,0.66666667,0,0.0,0.0,0.33333333,0.0,0.0,0.5,2.0
1099,1.0,0,0.0,0.0,0.0,0.0,0.0,1.0,1.0
1100,1.0,0,0.0,0.0,0.0,0.0,0.0,1.0,1.0
1101,1.0,0,0.0,0.0,0.0,0.0,0.0,1.0,1.0
1102,0.5,0,0.0,0.0,0.5,0.0,0.0,0.33333333,3.0
1103,0.28571429,0,0.07692308,0.0,0.42857143,0.0,2.861e-05,0.16666667,6.0
1104,0.83333333,0.75,0.0,0.0,1.0,1.0,0.0,0.66666667,5.0
1105,1.0,0,0.0,0.0,0.0,0.0,0.0,1.0,1.0
1106,1,0,1.0,1.0,0.0,0.0,0.00020004,1,0.0
1107,1.0,0,0.0,0.0,0.0,0.0,0.0,1.0,1.0
1108,1,0,1.0,1.0,0.0,0.0,0.00020004,1,0.0
1109,1,0,1.0,1.0,0.0,0.0,0.00020004,1,0.0
1110,1,0,1.0,1.0,0.0,0.0,0.00020004,1,0.0
1111,1.0,0,0.0,0.0,0.0,0.0,0.0,1.0,1.0
1112,0.66666667,0.6,0.27272727,0.0,0.75,0.75,0.00015012,0.33333333,1.33333333
1113,0.4,0,0.0,0.0,0.2,0.0,0.0,0.25,4.0
1114,1,0,1.0,1.0,0.0,0.0,0.00020004,1,0.0
1115,1.0,0,0.0,0.0,0.0,0.0,0.0,1.0,1.0
1116,1.0,0,0.0,0.0,0.0,0.0,0.0,1.0,1.0
1117,1,0,1.0,1.0,0.0,0.0,0.00040008,1,0.0
1118,0.33333333,0,0.0,0.0,0.33333333,0.0,0.0,0.2,5.0
1119,1.0,0,0.0,0.0,0.0,0.0,0.0,1.0,1.0
1120,1.0,1.0,0.66666667,1.0,1.0,1.0,0.00080048,1.0,0.25
1121,0.28571429,0,0.0,0.0,0.14285714,0.0,0.0,0.16666667,6.0
1122,0.66666667,0,0.0,0.0,0.33333333,0.0,0.0,0.5,2.0
1123,1.0,0,0.0,0.0,0.0,0.0,0.0,1.0,1.0
1124,1.0,1.0,0.0,0.0,1.0,1.0,0.0,1.0,3.0
1125,1.0,0,0.5,0.0,0.0,0.0,0.00020008,1.0,0.5
1126,1,0,1.0,1.0,0.0,0.0,0.00020004,1,0.0
1127,0.66666667,0,0.42857143,0.0,0.33333333,0.0,0.00020012,0.5,0.66666667
1128,1,0,1.0,1.0,0.0,0.0,0.00020004,1,0.0
1129,1.0,0,0.0,0.0,0.0,0.0,0.0,1.0,1.0
1130,1.0,0,0.0,0.0,0.0,0.0,0.0,1.0,1.0
1131,0.4,0,0.11111111,0.0,0.4,0.0,4.004e-05,0.25,4.0
1132,1.0,0,0.0,0.0,0.0,0.0,0.0,1.0,1.0
1133,1.0,0,0.0,0.0,0.0,0.0,0.0,1.0,1.0
1134,0.6,0.54545455,0.14285714,0.0,0.8,0.8,8.008e-05,0.25,3.0
1135,1.0,0,0.0,0.0,0.0,0.0,0.0,1.0,1.0
1136,1.0,1.0,0.25,0.0,1.0,1.0,0.00013341,1.0,1.5
1137,1.0,0,0.0,0.0,0.0,0.0,0.0,1.0,1.0
1138,0.83333333,0.75,0.09090909,0.0,1.0,1.0,5.004e-05,0.66666667,5.0
1139,1,0,1.0,1.0,0.0,0.0,0.00060012,1,0.0
1140,1,0,1.0,1.0,0.0,0.0,0.00020004,1,0.0
1141,1.0,0,0.0,0.0,0.0,0.0,0.0,1.0,1.0
1142,1.0,1.0,0.14285714,0.0,1.0,1.0,6.671e-05,1.0,3.0
1143,1.0,0,0.0,0.0,0.0,0.0,0.0,1.0,1.0
1144,1,0,1.0,1.0,0.0,0.0,0.00040008,1,0.0
1145,1,0,1.0,1.0,0.0,0.0,0.00020004,1,0.0
1146,1.0,0,0.0,0.0,0.0,0.0,0.0,1.0,1.0
1147,0.66666667,0,0.0,0.0,0.33333333,0.0,0.0,0.5,2.0
1148,1,0,1.0,1.0,0.0,0.0,0.00020004,1,0.0
1149,1.0,0,0.0,0.0,0.0,0.0,0.0,1.0,1.0
1150,1.0,0,0.0,0.0,0.0,0.0,0.0,1.0,1.0
1151,1,0,1.0,1.0,0.0,0.0,0.00020004,1,0.0
1152,1.0,0,0.0,0.0,0.0,0.0,0.0,1.0,1.0
1153,0.66666667,0,0.0,0.0,0.33333333,0.0,0.0,0.5,2.0
1154,1,0,1.0,1.0,0.0,0.0,0.00020004,1,0.0
1155,1.0,0,0.0,0.0,0.0,0.0,0.0,1.0,1.0
1156,1,0,1.0,1.0,0.0,0.0,0.00020004,1,0.0
1157,1.0,0,0.33333333,0.0,0.0,0.0,0.00010004,1.0,1.0
1158,1.0,0,0.5,0.0,0.0,0.0,0.00020008,1.0,0.5
1159,1.0,0,0.0,0.0,0.0,0.0,0.0,1.0,1.0
1160,1.0,0,0.0,0.0,0.0,0.0,0.0,1.0,1.0
1161,1.0,0,0.0,0.0,0.0,0.0,0.0,1.0,1.0
1162,1.0,0,0.0,0.0,0.0,0.0,0.0,1.0,1.0
1163,0.66666667,0,0.0,0.0,0.33333333,0.0,0.0,0.5,2.0
1164,1,0,1.0,1.0,0.0,0.0,0.00020004,1,0.0
1165,1.0,0,0.0,0.0,0.0,0.0,0.0,1.0,1.0
1166,0.66666667,0,0.0,0.0,0.33333333,0.0,0.0,0.5,2.0
1167,1.0,0,0.0,0.0,0.0,0.0,0.0,1.0,1.0
1168,1.0,1.0,0.0,0.0,1.0,1.0,0.0,1.0,3.0
1169,1.0,0,0.0,0.0,0.0,0.0,0.0,1.0,1.0
1170,1.0,1.0,0.0,0.0,1.0,1.0,0.0,1.0,3.0
1171,1.0,0,0.0,0.0,0.0,0.0,0.0,1.0,1.0
1172,1.0,0,0.0,0.0,0.0,0.0,0.0,1.0,1.0
1173,0.66666667,0,0.0,0.0,0.33333333,0.0,0.0,0.5,2.0
1174,1.0,0,0.0,0.0,0.0,0.0,0.0,1.0,1.0
1175,1.0,0,0.0,0.0,0.0,0.0,0.0,1.0,1.0
1176,1.0,0,0.0,0.0,0.0,0.0,0.0,1.0,1.0
1177,1.0,0,0.0,0.0,0.0,0.0,0.0,1.0,1.0
1178,1.0,0,0.0,0.0,0.0,0.0,0.0,1.0,1.0
1179,0.66666667,0,0.0,0.0,0.33333333,0.0,0.0,0.5,2.0
1180,1.0,0,0.0,0.0,0.0,0.0,0.0,1.0,1.0
1181,1,0,1.0,1.0,0.0,0.0,0.00020004,1,0.0
1182,1,0,1.0,1.0,0.0,0.0,0.00020004,1,0.0
1183,0.5,0,0.23076923,0.0,0.8,0.0,0.00012012,0.25,1.66666667
1184,1.0,0,0.0,0.0,0.0,0.0,0.0,1.0,1.0
1185,1,0,1.0,1.0,0.0,0.0,0.00020004,1,0.0
1186,1.0,0,0.0,0.0,0.0,0.0,0.0,1.0,1.0
1187,1.0,0,0.0,0.0,0.0,0.0,0.0,1.0,1.0
1188,1.0,0,0.0,0.0,0.0,0.0,0.0,1.0,1.0
1189,1.0,0,0.0,0.0,0.0,0.0,0.0,1.0,1.0
1190,1,0,1.0,1.0,0.0,0.0,0.00020004,1,0.0
1191,1.0,0,0.0,0.0,0.0,0.0,0.0,1.0,1.0
1192,1,0,1.0,1.0,0.0,0.0,0.00020004,1,0.0
1193,0.66666667,0,0.2,0.0,0.33333333,0.0,6.671e-05,0.5,2.0
1194,1,0,1.0,1.0,0.0,0.0,0.00020004,1,0.0
1195,1.0,1.0,0.0,0.0,1.0,1.0,0.0,1.0,3.0
1196,1.0,0,0.0,0.0,0.0,0.0,0.0,1.0,1.0
1197,1,0,1.0,1.0,0.0,0.0,0.00020004,1,0.0
1198,1.0,0,0.0,0.0,0.0,0.0,0.0,1.0,1.0
1199,1,0,1.0,1.0,0.0,0.0,0.00020004,1,0.0
1200,0.61904762,0.61363636,0.16129032,0.0,1.0,1.0,0.00014306,0.33333333,2.6
1201,1,0,1.0,1.0,0.0,0.0,0.00020004,1,0.0
1202,1.0,1.0,0.14285714,0.0,1.0,1.0,6.671e-05,1.0,3.0
1203,1,0,1.0,1.0,0.0,0.0,0.00060012,1,0.0
1204,1,0,1.0,1.0,0.0,0.0,0.00020004,1,0.0
1205,0.5,0,0.0,0.0,0.5,0.0,0.0,0.33333333,3.0
1206,0.5,0,0.0,0.0,0.25,0.0,0.0,0.33333333,3.0
1207,0.5,0,0.0,0.0,0.25,0.0,0.0,0.33333333,3.0
1208,1.0,0,0.0,0.0,0.0,0.0,0.0,1.0,1.0
1209,1,0,1.0,1.0,0.0,0.0,0.00020004,1,0.0
1210,0.5,0,0.14285714,0.0,0.5,0.0,5.004e-05,0.33333333,3.0
1211,0.83333333,0.75,0.16666667,0.0,1.0,1.0,0.00010008,0.66666667,2.5
1212,1.0,0,0.0,0.0,0.0,0.0,0.0,1.0,1.0
1213,0.66666667,0,0.2,0.0,0.33333333,0.0,6.671e-05,0.5,2.0
1214,1,0,1.0,1.0,0.0,0.0,0.00020004,1,0.0
1215,1,0,1.0,1.0,0.0,0.0,0.00020004,1,0.0
1216,0.66666667,0,0.0,0.0,0.33333333,0.0,0.0,0.5,2.0
1217,1,0,1.0,1.0,0.0,0.0,0.00040008,1,0.0
1218,1.0,0,0.0,0.0,0.0,0.0,0.0,1.0,1.0
1219,1.0,0,0.0,0.0,0.0,0.0,0.0,1.0,1.0
1220,0.66666667,0,0.0,0.0,0.33333333,0.0,0.0,0.5,2.0
1221,1,0,1.0,1.0,0.0,0.0,0.00020004,1,0.0
1222,1.0,0,0.0,0.0,0.0,0.0,0.0,1.0,1.0
1223,0.75,0.76530612,0.0,0.0,1.0,1.0,0.0,0.42857143,21.0
1224,0.66666667,0,0.0,0.0,0.33333333,0.0,0.0,0.5,2.0
1225,1.0,0,0.0,0.0,0.0,0.0,0.0,1.0,1.0
1226,1.0,0,0.5,0.0,0.0,0.0,0.00020008,1.0,0.5
1227,1.0,0,0.0,0.0,0.0,0.0,0.0,1.0,1.0
1228,0.4,0,0.0,0.0,0.2,0.0,0.0,0.25,4.0
1229,1.0,0,0.0,0.0,0.0,0.0,0.0,1.0,1.0
1230,0.4,0,0.0,0.0,0.2,0.0,0.0,0.25,4.0
1231,1,0,1.0,1.0,0.0,0.0,0.00020004,1,0.0
1232,1,0,1.0,1.0,0.0,0.0,0.00020004,1,0.0
1233,1,0,1.0,1.0,0.0,0.0,0.00020004,1,0.0
1234,1.0,0,0.0,0.0,0.0,0.0,0.0,1.0,1.0
1235,1,0,1.0,1.0,0.0,0.0,0.00020004,1,0.0
1236,1,0,1.0,1.0,0.0,0.0,0.00020004,1,0.0
1237,1.0,0,0.0,0.0,0.0,0.0,0.0,1.0,1.0
1238,1,0,1.0,1.0,0.0,0.0,0.00020004,1,0.0
1239,0.66666667,0,0.0,0.0,0.33333333,0.0,0.0,0.5,2.0
1240,1,0,1.0,1.0,0.0,0.0,0.00040008,1,0.0
1241,1.0,0,0.0,0.0,0.0,0.0,0.0,1.0,1.0
1242,1.0,0,0.0,0.0,0.0,0.0,0.0,1.0,1.0
1243,1.0,0,0.0,0.0,0.0,0.0,0.0,1.0,1.0
1244,1,0,1.0,1.0,0.0,0.0,0.00020004,1,0.0
1245,1.0,1.0,0.33333333,0.0,1.0,1.0,0.00020012,1.0,1.0
1246,1,0,1.0,1.0,0.0,0.0,0.00020004,1,0.0
1247,1,0,1.0,1.0,0.0,0.0,0.00020004,1,0.0
1248,1.0,0,0.0,0.0,0.0,0.0,0.0,1.0,1.0
1249,1.0,0,0.0,0.0,0.0,0.0,0.0,1.0,1.0
1250,1.0,1.0,0.0,0.0,1.0,1.0,0.0,1.0,3.0
1251,1,0,1.0,1.0,0.0,0.0,0.00020004,1,0.0
1252,0.47222222,0.46153846,0.12820513,0.0,1.0,1.0,0.00011131,0.25,3.4
1253,1.0,0,0.0,0.0,0.0,0.0,0.0,1.0,1.0
1254,0.66666667,0,0.0,0.0,0.33333333,0.0,0.0,0.5,2.0
1255,1.0,0,0.0,0.0,0.0,0.0,0.0,1.0,1.0
1256,1.0,0,0.0,0.0,0.0,0.0,0.0,1.0,1.0
1257,1.0,0,0.0,0.0,0.0,0.0,0.0,1.0,1.0
1258,0.66666667,0,0.0,0.0,0.33333333,0.0,0.0,0.5,2.0
1259,0.66666667,0.6,0.11111111,0.0,0.75,0.75,5.004e-05,0.33333333,4.0
1260,1.0,0,0.0,0.0,0.0,0.0,0.0,1.0,1.0
1261,1.0,0,0.0,0.0,0.0,0.0,0.0,1.0,1.0
1262,1.0,0,0.0,0.0,0.0,0.0,0.0,1.0,1.0
1263,1.0,0,0.0,0.0,0.0,0.0,0.0,1.0,1.0
1264,1,0,1.0,1.0,0.0,0.0,0.00020004,1,0.0
1265,1.0,1.0,0.0,0.0,1.0,1.0,0.0,1.0,3.0
1266,1,0,1.0,1.0,0.0,0.0,0.00020004,1,0.0
1267,1,0,1.0,1.0,0.0,0.0,0.00020004,1,0.0
1268,1.0,0,0.0,0.0,0.0,0.0,0.0,1.0,1.0
1269,1.0,0,0.0,0.0,0.0,0.0,0.0,1.0,1.0
1270,0.66666667,0.6,0.11111111,0.0,0.75,0.75,5.004e-05,0.33333333,4.0
1271,0.66666667,0,0.0,0.0,0.33333333,0.0,0.0,0.5,2.0
1272,1.0,0,0.0,0.0,0.0,0.0,0.0,1.0,1.0
1273,0.66666667,0,0.0,0.0,0.33333333,0.0,0.0,0.5,2.0
1274,1.0,1.0,0.0,0.0,1.0,1.0,0.0,1.0,3.0
1275,1.0,0,0.0,0.0,0.0,0.0,0.0,1.0,1.0
1276,1.0,0,0.0,0.0,0.0,0.0,0.0,1.0,1.0
1277,1.0,0,0.0,0.0,0.0,0.0,0.0,1.0,1.0
1278,1,0,1.0,1.0,0.0,0.0,0.00020004,1,0.0
1279,1,0,1.0,1.0,0.0,0.0,0.00020004,1,0.0
1280,1,0,1.0,1.0,0.0,0.0,0.00020004,1,0.0
1281,1,0,1.0,1.0,0.0,0.0,0.00020004,1,0.0
1282,0.7,0.64285714,0.0,0.0,1.0,1.0,0.0,0.5,7.0
1283,1,0,1.0,1.0,0.0,0.0,0.00040008,1,0.0
1284,1,0,1.0,1.0,0.0,0.0,0.00020004,1,0.0
1285,1,0,1.0,1.0,0.0,0.0,0.00020004,1,0.0
1286,1,0,1.0,1.0,0.0,0.0,0.00080016,1,0.0
1287,1,0,1.0,1.0,0.0,0.0,0.00020004,1,0.0
1288,1.0,0,0.0,0.0,0.0,0.0,0.0,1.0,1.0
1289,1.0,0,0.0,0.0,0.0,0.0,0.0,1.0,1.0
1290,1.0,0,0.0,0.0,0.0,0.0,0.0,1.0,1.0
1291,1.0,0,0.0,0.0,0.0,0.0,0.0,1.0,1.0
1292,1.0,0,0.66666667,0.5,0.0,0.0,0.00040016,1.0,0.25
1293,0.66666667,0,0.0,0.0,0.33333333,0.0,0.0,0.5,2.0
1294,0.66666667,0,0.0,0.0,0.33333333,0.0,0.0,0.5,2.0
1295,1.0,0,0.0,0.0,0.0,0.0,0.0,1.0,1.0
1296,1.0,0,0.0,0.0,0.0,0.0,0.0,1.0,1.0
1297,0.66666667,0,0.2,0.0,0.33333333,0.0,6.671e-05,0.5,2.0
1298,1.0,0,0.0,0.0,0.0,0.0,0.0,1.0,1.0
1299,1,0,1.0,1.0,0.0,0.0,0.00020004,1,0.0
1300,1.0,0,0.0,0.0,0.0,0.0,0.0,1.0,1.0
1301,0.5,0,0.0,0.0,0.5,0.0,0.0,0.33333333,3.0
1302,1.0,0,0.0,0.0,0.0,0.0,0.0,1.0,1.0
1303,1.0,0,0.0,0.0,0.0,0.0,0.0,1.0,1.0
1304,1.0,0,0.5,0.0,0.0,0.0,0.00020008,1.0,0.5
1305,1,0,1.0,1.0,0.0,0.0,0.00020004,1,0.0
1306,0.4,0,0.0,0.0,0.2,0.0,0.0,0.25,4.0
1307,0.5,0,0.14285714,0.0,0.5,0.0,5.004e-05,0.33333333,3.0
1308,1.0,0,0.0,0.0,0.0,0.0,0.0,1.0,1.0
1309,1.0,0,0.0,0.0,0.0,0.0,0.0,1.0,1.0
1310,1.0,0,0.5,0.0,0.0,0.0,0.00020008,1.0,0.5
1311,0.5,0,0.0,0.0,0.25,0.0,0.0,0.33333333,3.0
1312,0.66666667,0,0.0,0.0,0.33333333,0.0,0.0,0.5,2.0
1313,1,0,1.0,1.0,0.0,0.0,0.00020004,1,0.0
1314,0.66666667,0,0.0,0.0,0.33333333,0.0,0.0,0.5,2.0
1315,0.66666667,0,0.0,0.0,0.33333333,0.0,0.0,0.5,2.0
1316,1.0,0,0.0,0.0,0.0,0.0,0.0,1.0,1.0
1317,1.0,0,0.0,0.0,0.0,0.0,0.0,1.0,1.0
1318,0.83333333,0.75,0.0,0.0,1.0,1.0,0.0,0.66666667,5.0
1319,1,0,1.0,1.0,0.0,0.0,0.00020004,1,0.0
1320,0.5,0,0.0,0.0,0.25,0.0,0.0,0.33333333,3.0
1321,0.66666667,0,0.0,0.0,0.33333333,0.0,0.0,0.5,2.0
1322,1.0,0,0.0,0.0,0.0,0.0,0.0,1.0,1.0
1323,1.0,0,0.0,0.0,0.0,0.0,0.0,1.0,1.0
1324,1.0,0,0.0,0.0,0.0,0.0,0.0,1.0,1.0
1325,1,0,1.0,1.0,0.0,0.0,0.00020004,1,0.0
1326,1.0,0,0.0,0.0,0.0,0.0,0.0,1.0,1.0
1327,1,0,1.0,1.0,0.0,0.0,0.00020004,1,0.0
1328,1,0,1.0,1.0,0.0,0.0,0.00020004,1,0.0
1329,1.0,0,0.0,0.0,0.0,0.0,0.0,1.0,1.0
1330,1,0,1.0,1.0,0.0,0.0,0.00060012,1,0.0
1331,1,0,1.0,1.0,0.0,0.0,0.00040008,1,0.0
1332,0.83333333,0.75,0.23076923,0.0,1.0,1.0,0.00015012,0.66666667,1.66666667
1333,0.4,0,0.0,0.0,0.4,0.0,0.0,0.25,4.0
1334,1.0,0,0.0,0.0,0.0,0.0,0.0,1.0,1.0
1335,1.0,0,0.0,0.0,0.0,0.0,0.0,1.0,1.0
1336,1.0,1.0,0.0,0.0,1.0,1.0,0.0,1.0,3.0
1337,1,0,1.0,1.0,0.0,0.0,0.00020004,1,0.0
1338,0.73333333,0.72727273,0.0,0.0,1.0,1.0,0.0,0.4,11.0
1339,1,0,1.0,1.0,0.0,0.0,0.00020004,1,0.0
1340,1.0,0,0.0,0.0,0.0,0.0,0.0,1.0,1.0
1341,1.0,0,0.0,0.0,0.0,0.0,0.0,1.0,1.0
1342,1,0,1.0,1.0,0.0,0.0,0.00020004,1,0.0
1343,1.0,1.0,0.25,0.0,1.0,1.0,0.00013341,1.0,1.5
1344,1.0,0,0.0,0.0,0.0,0.0,0.0,1.0,1.0
1345,0.66666667,0,0.0,0.0,0.33333333,0.0,0.0,0.5,2.0
1346,1,0,1.0,1.0,0.0,0.0,0.00020004,1,0.0
1347,1.0,0,0.0,0.0,0.0,0.0,0.0,1.0,1.0
1348,1,0,1.0,1.0,0.0,0.0,0.00020004,1,0.0
1349,0.66666667,0,0.0,0.0,0.33333333,0.0,0.0,0.5,2.0
1350,1.0,1.0,0.0,0.0,1.0,1.0,0.0,1.0,3.0
1351,1.0,0,0.0,0.0,0.0,0.0,0.0,1.0,1.0
1352,0.33333333,0,0.0,0.0,0.33333333,0.0,0.0,0.2,5.0
1353,1.0,0,0.0,0.0,0.0,0.0,0.0,1.0,1.0
1354,1.0,0,0.0,0.0,0.0,0.0,0.0,1.0,1.0
1355,1.0,1.0,0.625,0.33333333,1.0,1.0,0.00066707,1.0,0.3
1356,1.0,0,0.5,0.5,0.0,0.0,0.00020008,1.0,0.5
1357,1.0,0,0.0,0.0,0.0,0.0,0.0,1.0,1.0
1358,0.5,0,0.0,0.0,0.25,0.0,0.0,0.33333333,3.0
1359,1,0,1.0,1.0,0.0,0.0,0.00060012,1,0.0
1360,1,0,1.0,1.0,0.0,0.0,0.00020004,1,0.0
1361,1,0,1.0,1.0,0.0,0.0,0.00020004,1,0.0
1362,1.0,0,0.0,0.0,0.0,0.0,0.0,1.0,1.0
1363,0.66666667,0,0.0,0.0,0.33333333,0.0,0.0,0.5,2.0
1364,1.0,0,0.0,0.0,0.0,0.0,0.0,1.0,1.0
1365,0.5,0,0.0,0.0,0.5,0.0,0.0,0.33333333,3.0
1366,1,0,1.0,1.0,0.0,0.0,0.00020004,1,0.0
1367,1.0,0,0.0,0.0,0.0,0.0,0.0,1.0,1.0
1368,1,0,1.0,1.0,0.0,0.0,0.00020004,1,0.0
1369,0.66666667,0,0.0,0.0,0.33333333,0.0,0.0,0.5,2.0
1370,1,0,1.0,1.0,0.0,0.0,0.00020004,1,0.0
1371,1,0,1.0,1.0,0.0,0.0,0.00020004,1,0.0
1372,1.0,0,0.0,0.0,0.0,0.0,0.0,1.0,1.0
1373,1.0,1.0,0.14285714,0.0,1.0,1.0,6.671e-05,1.0,3.0
1374,1.0,0,0.0,0.0,0.0,0.0,0.0,1.0,1.0
1375,0.66666667,0,0.0,0.0,0.33333333,0.0,0.0,0.5,2.0
1376,1.0,1.0,0.0,0.0,1.0,1.0,0.0,1.0,3.0
1377,0.83333333,0.75,0.09090909,0.0,1.0,1.0,5.004e-05,0.66666667,5.0
1378,1,0,1.0,1.0,0.0,0.0,0.00020004,1,0.0
1379,1.0,0,0.0,0.0,0.0,0.0,0.0,1.0,1.0
1380,1.0,0,0.0,0.0,0.0,0.0,0.0,1.0,1.0
1381,1,0,1.0,1.0,0.0,0.0,0.00040008,1,0.0
1382,0.5,0,0.4,0.0,0.5,0.0,0.00020016,0.33333333,0.75
1383,0.32679739,0.39692308,0.08256881,0.0,1.0,1.0,0.00010036,0.17647059,5.55555556
1384,0.5,0,0.0,0.0,0.25,0.0,0.0,0.33333333,3.0
1385,0.66666667,0,0.0,0.0,0.33333333,0.0,0.0,0.5,2.0
1386,0.66666667,0,0.0,0.0,0.33333333,0.0,0.0,0.5,2.0
1387,1.0,0,0.0,0.0,0.0,0.0,0.0,1.0,1.0
1388,0.66666667,0,0.2,0.0,0.33333333,0.0,6.671e-05,0.5,2.0
1389,1.0,0,0.0,0.0,0.0,0.0,0.0,1.0,1.0
1390,0.66666667,0,0.0,0.0,0.33333333,0.0,0.0,0.5,2.0
1391,1,0,1.0,1.0,0.0,0.0,0.00020004,1,0.0
1392,0.93333333,0.92307692,0.0,0.0,1.0,1.0,0.0,0.8,14.0
1393,0.66666667,0.61363636,0.0,0.0,1.0,1.0,0.0,0.5,14.0
1394,1.0,0,0.0,0.0,0.0,0.0,0.0,1.0,1.0
1395,1.0,1.0,0.14285714,0.0,1.0,1.0,6.671e-05,1.0,3.0
1396,1,0,1.0,1.0,0.0,0.0,0.00020004,1,0.0
1397,1.0,0,0.5,0.0,0.0,0.0,0.00020008,1.0,0.5
1398,1.0,0,0.0,0.0,0.0,0.0,0.0,1.0,1.0
1399,0.7,0.6,0.0,0.0,1.0,1.0,0.0,0.5,7.0
1400,1,0,1.0,1.0,0.0,0.0,0.00020004,1,0.0
1401,1,0,1.0,1.0,0.0,0.0,0.00020004,1,0.0
1402,1,0,1.0,1.0,0.0,0.0,0.00020004,1,0.0
1403,0.66666667,0,0.0,0.0,0.33333333,0.0,0.0,0.5,2.0
1404,1.0,0,0.0,0.0,0.0,0.0,0.0,1.0,1.0
1405,1.0,0,0.0,0.0,0.0,0.0,0.0,1.0,1.0
1406,1.0,1.0,0.0,0.0,1.0,1.0,0.0,1.0,3.0
1407,1.0,0,0.0,0.0,0.0,0.0,0.0,1.0,1.0
1408,1.0,1.0,0.14285714,0.0,1.0,1.0,6.671e-05,1.0,3.0
1409,0.5,0,0.0,0.0,0.25,0.0,0.0,0.33333333,3.0
1410,1.0,1.0,0.0,0.0,1.0,1.0,0.0,1.0,3.0
1411,0.66666667,0,0.0,0.0,0.33333333,0.0,0.0,0.5,2.0
1412,1.0,0,0.0,0.0,0.0,0.0,0.0,1.0,1.0
1413,1,0,1.0,1.0,0.0,0.0,0.00020004,1,0.0
1414,1.0,0,0.0,0.0,0.0,0.0,0.0,1.0,1.0
1415,1.0,0,0.0,0.0,0.0,0.0,0.0,1.0,1.0
1416,1.0,0,0.0,0.0,0.0,0.0,0.0,1.0,1.0
1417,0.66666667,0,0.0,0.0,0.33333333,0.0,0.0,0.5,2.0
1418,1.0,0,0.0,0.0,0.0,0.0,0.0,1.0,1.0
1419,1,0,1.0,1.0,0.0,0.0,0.00020004,1,0.0
1420,0.66666667,0,0.0,0.0,0.33333333,0.0,0.0,0.5,2.0
1421,1.0,0,0.0,0.0,0.0,0.0,0.0,1.0,1.0
1422,1,0,1.0,1.0,0.0,0.0,0.00020004,1,0.0
1423,1.0,1.0,0.14285714,0.0,1.0,1.0,6.671e-05,1.0,3.0
1424,0.6,0.54545455,0.14285714,0.2,0.8,0.8,8.008e-05,0.25,3.0
1425,1,0,1.0,1.0,0.0,0.0,0.00020004,1,0.0
1426,1.0,0,0.0,0.0,0.0,0.0,0.0,1.0,1.0
1427,1.0,0,0.0,0.0,0.0,0.0,0.0,1.0,1.0
1428,0.6,0.57142857,0.25,0.0,1.0,1.0,0.00020024,0.4,1.5
1429,0.66666667,0,0.0,0.0,0.33333333,0.0,0.0,0.5,2.0
1430,1.0,0,0.0,0.0,0.0,0.0,0.0,1.0,1.0
1431,1.0,0,0.0,0.0,0.0,0.0,0.0,1.0,1.0
1432,1.0,0,0.0,0.0,0.0,0.0,0.0,1.0,1.0
1433,1,0,1.0,1.0,0.0,0.0,0.00020004,1,0.0
1434,0.66666667,0,0.0,0.0,0.33333333,0.0,0.0,0.5,2.0
1435,1,0,1.0,1.0,0.0,0.0,0.00060012,1,0.0
1436,0.53333333,0.6,0.23809524,0.0,1.0,1.0,0.00016687,0.4,1.6
1437,1.0,1.0,0.14285714,0.0,1.0,1.0,6.671e-05,1.0,3.0
1438,1.0,1.0,0.0,0.0,1.0,1.0,0.0,1.0,6.0
1439,1,0,1.0,1.0,0.0,0.0,0.00020004,1,0.0
1440,0.66666667,0,0.0,0.0,0.33333333,0.0,0.0,0.5,2.0
1441,1,0,1.0,1.0,0.0,0.0,0.00020004,1,0.0
1442,1.0,0,0.0,0.0,0.0,0.0,0.0,1.0,1.0
1443,0.5,0,0.0,0.0,0.25,0.0,0.0,0.33333333,3.0
1444,1.0,0,0.0,0.0,0.0,0.0,0.0,1.0,1.0
1445,1.0,1.0,0.25,0.0,1.0,1.0,0.00013341,1.0,1.5
1446,1,0,1.0,1.0,0.0,0.0,0.00040008,1,0.0
1447,1.0,0,0.0,0.0,0.0,0.0,0.0,1.0,1.0
1448,1.0,0,0.0,0.0,0.0,0.0,0.0,1.0,1.0
1449,1.0,0,0.0,0.0,0.0,0.0,0.0,1.0,1.0
1450,1.0,0,0.0,0.0,0.0,0.0,0.0,1.0,1.0
1451,0.28571429,0,0.07692308,0.0,0.42857143,0.0,2.861e-05,0.16666667,6.0
1452,1.0,0,0.5,0.0,0.0,0.0,0.00020008,1.0,0.5
1453,1.0,0,0.0,0.0,0.0,0.0,0.0,1.0,1.0
1454,1.0,1.0,0.0,0.0,1.0,1.0,0.0,1.0,3.0
1455,1,0,1.0,1.0,0.0,0.0,0.00040008,1,0.0
1456,0.28571429,0,0.0,0.0,0.14285714,0.0,0.0,0.16666667,6.0
1457,0.5,0,0.14285714,0.0,0.25,0.0,5.004e-05,0.33333333,3.0
1458,0.46666667,0.27272727,0.36363636,0.16666667,0.83333333,0.5,0.00026699,0.2,0.875
1459,0.66666667,0,0.0,0.0,0.33333333,0.0,0.0,0.5,2.0
1460,1.0,0,0.0,0.0,0.0,0.0,0.0,1.0,1.0
1461,0.83333333,0.75,0.44444444,0.25,1.0,1.0,0.00040032,0.66666667,0.625
1462,1,0,1.0,1.0,0.0,0.0,0.00020004,1,0.0
1463,0.5,0,0.0,0.0,0.25,0.0,0.0,0.33333333,3.0
1464,1.0,0,0.0,0.0,0.0,0.0,0.0,1.0,1.0
1465,1,0,1.0,1.0,0.0,0.0,0.00020004,1,0.0
1466,1.0,0,0.0,0.0,0.0,0.0,0.0,1.0,1.0
1467,0.66666667,0,0.2,0.0,0.33333333,0.0,6.671e-05,0.5,2.0
1468,1,0,1.0,1.0,0.0,0.0,0.00020004,1,0.0
1469,0.6,0.54545455,0.4,0.0,0.8,0.8,0.00032032,0.25,0.75
1470,1,0,1.0,1.0,0.0,0.0,0.00020004,1,0.0
1471,1.0,0,0.0,0.0,0.0,0.0,0.0,1.0,1.0
1472,0.5,0,0.0,0.0,0.5,0.0,0.0,0.33333333,3.0
1473,0.22222222,0,0.05882353,0.0,0.44444444,0.0,2.226e-05,0.125,8.0
1474,1.0,0,0.0,0.0,0.0,0.0,0.0,1.0,1.0
1475,1,0,1.0,1.0,0.0,0.0,0.00060012,1,0.0
1476,1,0,1.0,1.0,0.0,0.0,0.00040008,1,0.0
1477,1,0,1.0,1.0,0.0,0.0,0.00020004,1,0.0
1478,1.0,0,0.0,0.0,0.0,0.0,0.0,1.0,1.0
1479,1,0,1.0,1.0,0.0,0.0,0.00020004,1,0.0
1480,1.0,0,0.0,0.0,0.0,0.0,0.0,1.0,1.0
1481,1.0,0,0.0,0.0,0.0,0.0,0.0,1.0,1.0
1482,1,0,1.0,1.0,0.0,0.0,0.00020004,1,0.0
1483,1.0,0,0.0,0.0,0.0,0.0,0.0,1.0,1.0
1484,1,0,1.0,1.0,0.0,0.0,0.00020004,1,0.0
1485,0.66666667,0,0.0,0.0,0.33333333,0.0,0.0,0.5,2.0
1486,1.0,0,0.0,0.0,0.0,0.0,0.0,1.0,1.0
1487,1,0,1.0,1.0,0.0,0.0,0.00020004,1,0.0
1488,1,0,1.0,1.0,0.0,0.0,0.00040008,1,0.0
1489,1,0,1.0,1.0,0.0,0.0,0.00020004,1,0.0
1490,1.0,0,0.0,0.0,0.0,0.0,0.0,1.0,1.0
1491,1.0,0,0.0,0.0,0.0,0.0,0.0,1.0,1.0
1492,1,0,1.0,1.0,0.0,0.0,0.00020004,1,0.0
1493,1,0,1.0,1.0,0.0,0.0,0.00020004,1,0.0
1494,1.0,0,0.0,0.0,0.0,0.0,0.0,1.0,1.0
1495,1.0,0,0.0,0.0,0.0,0.0,0.0,1.0,1.0
1496,1,0,1.0,1.0,0.0,0.0,0.00040008,1,0.0
1497,0.5,0,0.14285714,0.0,0.25,0.0,5.004e-05,0.33333333,3.0
1498,1.0,0,0.0,0.0,0.0,0.0,0.0,1.0,1.0
1499,1.0,0,0.0,0.0,0.0,0.0,0.0,1.0,1.0
1500,1.0,0,0.5,0.0,0.0,0.0,0.00020008,1.0,0.5
1501,1,0,1.0,1.0,0.0,0.0,0.00020004,1,0.0
1502,1.0,0,0.0,0.0,0.0,0.0,0.0,1.0,1.0
1503,1.0,0,0.0,0.0,0.0,0.0,0.0,1.0,1.0
1504,0.83333333,0.75,0.0,0.0,1.0,1.0,0.0,0.66666667,5.0
1505,0.80952381,0.82608696,0.02857143,0.0,1.0,1.0,2.861e-05,0.5,17.0
1506,0.5,0,0.0,0.0,0.25,0.0,0.0,0.33333333,3.0
1507,1,0,1.0,1.0,0.0,0.0,0.00020004,1,0.0
1508,1,0,1.0,1.0,0.0,0.0,0.00020004,1,0.0
1509,1.0,0,0.0,0.0,0.0,0.0,0.0,1.0,1.0
1510,1,0,1.0,1.0,0.0,0.0,0.00020004,1,0.0
1511,0.66666667,0,0.0,0.0,0.33333333,0.0,0.0,0.5,2.0
1512,0.66666667,0,0.0,0.0,0.33333333,0.0,0.0,0.5,2.0
1513,0.66666667,0,0.0,0.0,0.33333333,0.0,0.0,0.5,2.0
1514,0.66666667,0,0.0,0.0,0.33333333,0.0,0.0,0.5,2.0
1515,1.0,0,0.0,0.0,0.0,0.0,0.0,1.0,1.0
1516,0.28571429,0,0.0,0.0,0.28571429,0.0,0.0,0.16666667,6.0
1517,0.5,0,0.0,0.0,0.25,0.0,0.0,0.33333333,3.0
1518,1,0,1.0,1.0,0.0,0.0,0.00040008,1,0.0
1519,1.0,0,0.0,0.0,0.0,0.0,0.0,1.0,1.0
1520,1.0,0,0.0,0.0,0.0,0.0,0.0,1.0,1.0
1521,0.4,0,0.11111111,0.0,0.2,0.0,4.004e-05,0.25,4.0
1522,1.0,0,0.0,0.0,0.0,0.0,0.0,1.0,1.0
1523,1.0,0,0.0,0.0,0.0,0.0,0.0,1.0,1.0
1524,1.0,0,0.0,0.0,0.0,0.0,0.0,1.0,1.0
1525,0.28571429,0,0.0,0.0,0.28571429,0.0,0.0,0.16666667,6.0
1526,1,0,1.0,1.0,0.0,0.0,0.00020004,1,0.0
1527,0.66666667,0,0.0,0.0,0.33333333,0.0,0.0,0.5,2.0
1528,0.66666667,0,0.2,0.0,0.33333333,0.0,6.671e-05,0.5,2.0
1529,1.0,1.0,0.4,0.33333333,1.0,1.0,0.00026683,1.0,0.75
1530,1.0,1.0,0.0,0.0,1.0,1.0,0.0,1.0,6.0
1531,1,0,1.0,1.0,0.0,0.0,0.00040008,1,0.0
1532,1,0,1.0,1.0,0.0,0.0,0.00040008,1,0.0
1533,0.66666667,0,0.0,0.0,0.33333333,0.0,0.0,0.5,2.0
1534,1.0,0,0.0,0.0,0.0,0.0,0.0,1.0,1.0
1535,1,0,1.0,1.0,0.0,0.0,0.00020004,1,0.0
1536,1.0,0,0.0,0.0,0.0,0.0,0.0,1.0,1.0
1537,1.0,0,0.0,0.0,0.0,0.0,0.0,1.0,1.0
1538,0.66666667,0,0.0,0.0,0.33333333,0.0,0.0,0.5,2.0
1539,0.83333333,0.75,0.09090909,0.0,1.0,1.0,5.004e-05,0.66666667,5.0
1540,1,0,1.0,1.0,0.0,0.0,0.00040008,1,0.0
1541,1.0,1.0,0.625,0.33333333,1.0,1.0,0.00066707,1.0,0.3
1542,1.0,0,0.0,0.0,0.0,0.0,0.0,1.0,1.0
1543,1.0,0,0.0,0.0,0.0,0.0,0.0,1.0,1.0
1544,1.0,0,0.0,0.0,0.0,0.0,0.0,1.0,1.0
1545,1.0,0,0.0,0.0,0.0,0.0,0.0,1.0,1.0
1546,1,0,1.0,1.0,0.0,0.0,0.00020004,1,0.0
1547,0.4,0,0.0,0.0,0.4,0.0,0.0,0.25,4.0
1548,1,0,1.0,1.0,0.0,0.0,0.00020004,1,0.0
1549,1,0,1.0,1.0,0.0,0.0,0.00020004,1,0.0
1550,1.0,1.0,0.0,0.0,1.0,1.0,0.0,1.0,3.0
1551,1,0,1.0,1.0,0.0,0.0,0.00020004,1,0.0
1552,1.0,0,0.66666667,1.0,0.0,0.0,0.00040016,1.0,0.25
1553,0.33333333,0,0.09090909,0.0,0.33333333,0.0,3.337e-05,0.2,5.0
1554,1,0,1.0,1.0,0.0,0.0,0.00020004,1,0.0
1555,0.66666667,0,0.0,0.0,0.33333333,0.0,0.0,0.5,2.0
1556,1,0,1.0,1.0,0.0,0.0,0.00020004,1,0.0
1557,1.0,0,0.0,0.0,0.0,0.0,0.0,1.0,1.0
1558,1.0,0,0.0,0.0,0.0,0.0,0.0,1.0,1.0
1559,0.80952381,0.81428571,0.0,0.0,1.0,1.0,0.0,0.5,17.0
1560,1,0,1.0,1.0,0.0,0.0,0.00020004,1,0.0
1561,1.0,0,0.0,0.0,0.0,0.0,0.0,1.0,1.0
1562,1.0,0,0.0,0.0,0.0,0.0,0.0,1.0,1.0
1563,1.0,0,0.0,0.0,0.0,0.0,0.0,1.0,1.0
1564,1.0,0,0.0,0.0,0.0,0.0,0.0,1.0,1.0
1565,1.0,0,0.0,0.0,0.0,0.0,0.0,1.0,1.0
1566,0.66666667,0,0.0,0.0,0.33333333,0.0,0.0,0.5,2.0
1567,1,0,1.0,1.0,0.0,0.0,0.00020004,1,0.0
1568,0.33333333,0,0.0,0.0,0.16666667,0.0,0.0,0.2,5.0
1569,1.0,0,0.0,0.0,0.0,0.0,0.0,1.0,1.0
1570,0.66666667,0.6,0.33333333,0.0,0.75,0.75,0.00020016,0.33333333,1.0
1571,0.8,0.78947368,0.0,0.0,1.0,1.0,0.0,0.5,8.0
1572,1.0,0,0.0,0.0,0.0,0.0,0.0,1.0,1.0
1573,0.66666667,0,0.0,0.0,0.33333333,0.0,0.0,0.5,2.0
1574,1.0,0,0.0,0.0,0.0,0.0,0.0,1.0,1.0
1575,0.5,0,0.0,0.0,0.25,0.0,0.0,0.33333333,3.0
1576,1.0,0,0.0,0.0,0.0,0.0,0.0,1.0,1.0
1577,1.0,1.0,0.09090909,0.0,1.0,1.0,8.008e-05,1.0,5.0
1578,1.0,0,0.0,0.0,0.0,0.0,0.0,1.0,1.0
1579,1.0,0,0.0,0.0,0.0,0.0,0.0,1.0,1.0
1580,1,0,1.0,1.0,0.0,0.0,0.00020004,1,0.0
1581,0.4,0.38888889,0.18181818,0.0,1.0,0.9,0.00016032,0.22222222,2.25
1582,1.0,1.0,0.0,0.0,1.0,1.0,0.0,1.0,6.0
1583,1,0,1.0,1.0,0.0,0.0,0.00020004,1,0.0
1584,1.0,0,0.0,0.0,0.0,0.0,0.0,1.0,1.0
1585,0.66666667,0,0.0,0.0,0.33333333,0.0,0.0,0.5,2.0
1586,1,0,1.0,1.0,0.0,0.0,0.00040008,1,0.0
1587,1,0,1.0,1.0,0.0,0.0,0.00020004,1,0.0
1588,1.0,0,0.0,0.0,0.0,0.0,0.0,1.0,1.0
1589,0.66666667,0,0.2,0.0,0.33333333,0.0,6.671e-05,0.5,2.0
1590,1.0,0,0.0,0.0,0.0,0.0,0.0,1.0,1.0
1591,0.66666667,0,0.0,0.0,0.33333333,0.0,0.0,0.5,2.0
1592,1.0,0,0.0,0.0,0.0,0.0,0.0,1.0,1.0
1593,1.0,0,0.0,0.0,0.0,0.0,0.0,1.0,1.0
1594,1.0,0,0.0,0.0,0.0,0.0,0.0,1.0,1.0
1595,1.0,0,0.0,0.0,0.0,0.0,0.0,1.0,1.0
1596,1.0,0,0.0,0.0,0.0,0.0,0.0,1.0,1.0
1597,0.5,0,0.14285714,0.0,0.25,0.0,5.004e-05,0.33333333,3.0
1598,1.0,0,0.0,0.0,0.0,0.0,0.0,1.0,1.0
1599,0.4,0,0.0,0.0,0.2,0.0,0.0,0.25,4.0
1600,1,0,1.0,1.0,0.0,0.0,0.00020004,1,0.0
1601,1,0,1.0,1.0,0.0,0.0,0.00040008,1,0.0
1602,1.0,0,0.0,0.0,0.0,0.0,0.0,1.0,1.0
1603,0.5,0,0.0,0.0,0.25,0.0,0.0,0.33333333,3.0
1604,0.66666667,0,0.0,0.0,0.33333333,0.0,0.0,0.5,2.0
1605,1.0,0,0.0,0.0,0.0,0.0,0.0,1.0,1.0
1606,1.0,0,0.0,0.0,0.0,0.0,0.0,1.0,1.0
1607,1,0,1.0,1.0,0.0,0.0,0.00020004,1,0.0
1608,0.4,0,0.0,0.0,0.4,0.0,0.0,0.25,4.0
1609,0.66666667,0,0.42857143,0.33333333,0.33333333,0.0,0.00020012,0.5,0.66666667
1610,0.5,0,0.0,0.0,0.25,0.0,0.0,0.33333333,3.0
1611,0.28571429,0,0.07692308,0.0,0.28571429,0.0,2.861e-05,0.16666667,6.0
1612,0.83333333,0.75,0.09090909,0.0,1.0,1.0,5.004e-05,0.66666667,5.0
1613,1,0,1.0,1.0,0.0,0.0,0.00080016,1,0.0
1614,0.66666667,0,0.0,0.0,0.33333333,0.0,0.0,0.5,2.0
1615,1.0,0,0.0,0.0,0.0,0.0,0.0,1.0,1.0
1616,0.4,0,0.0,0.0,0.4,0.0,0.0,0.25,4.0
1617,1.0,0,0.0,0.0,0.0,0.0,0.0,1.0,1.0
1618,1,0,1.0,1.0,0.0,0.0,0.00040008,1,0.0
1619,1.0,0,0.0,0.0,0.0,0.0,0.0,1.0,1.0
1620,1.0,0,0.0,0.0,0.0,0.0,0.0,1.0,1.0
1621,1.0,0,0.0,0.0,0.0,0.0,0.0,1.0,1.0
1622,1,0,1.0,1.0,0.0,0.0,0.00020004,1,0.0
1623,1.0,1.0,0.33333333,0.33333333,1.0,1.0,0.00020012,1.0,1.0
1624,1.0,0,0.0,0.0,0.0,0.0,0.0,1.0,1.0
1625,0.66666667,0,0.0,0.0,0.33333333,0.0,0.0,0.5,2.0
1626,1,0,1.0,1.0,0.0,0.0,0.00020004,1,0.0
1627,1.0,0,0.0,0.0,0.0,0.0,0.0,1.0,1.0
1628,0.5,0,0.5,0.5,0.5,0.0,0.00030024,0.33333333,0.5
1629,1,0,1.0,1.0,0.0,0.0,0.00020004,1,0.0
1630,0.5,0,0.0,0.0,0.5,0.0,0.0,0.33333333,3.0
1631,0.66666667,0,0.42857143,0.0,0.33333333,0.0,0.00020012,0.5,0.66666667
1632,1.0,1.0,0.53846154,0.33333333,1.0,1.0,0.00046695,1.0,0.42857143
1633,1.0,0,0.0,0.0,0.0,0.0,0.0,1.0,1.0
1634,1,0,1.0,1.0,0.0,0.0,0.00060012,1,0.0
1635,0.66666667,0,0.0,0.0,0.33333333,0.0,0.0,0.5,2.0
1636,1,0,1.0,1.0,0.0,0.0,0.00020004,1,0.0
1637,1.0,0,0.0,0.0,0.0,0.0,0.0,1.0,1.0
1638,1.0,1.0,0.14285714,0.0,1.0,1.0,6.671e-05,1.0,3.0
1639,1,0,1.0,1.0,0.0,0.0,0.00020004,1,0.0
1640,1.0,1.0,0.0,0.0,1.0,1.0,0.0,1.0,3.0
1641,0.66666667,0,0.0,0.0,0.33333333,0.0,0.0,0.5,2.0
1642,0.4,0,0.0,0.0,0.2,0.0,0.0,0.25,4.0
1643,1,0,1.0,1.0,0.0,0.0,0.00020004,1,0.0
1644,1.0,0,0.0,0.0,0.0,0.0,0.0,1.0,1.0
1645,1,0,1.0,1.0,0.0,0.0,0.00020004,1,0.0
1646,1.0,0,0.0,0.0,0.0,0.0,0.0,1.0,1.0
1647,1.0,0,0.0,0.0,0.0,0.0,0.0,1.0,1.0
1648,1.0,0,0.0,0.0,0.0,0.0,0.0,1.0,1.0
1649,1.0,0,0.0,0.0,0.0,0.0,0.0,1.0,1.0
1650,0.5,0,0.0,0.0,0.25,0.0,0.0,0.33333333,3.0
1651,0.83333333,0.75,0.09090909,0.0,1.0,1.0,5.004e-05,0.66666667,5.0
1652,0.66666667,0,0.0,0.0,0.33333333,0.0,0.0,0.5,2.0
1653,1.0,1.0,0.14285714,0.0,1.0,1.0,6.671e-05,1.0,3.0
1654,1,0,1.0,1.0,0.0,0.0,0.00080016,1,0.0
1655,0.28571429,0,0.0,0.0,0.28571429,0.0,0.0,0.16666667,6.0
1656,0.4,0.375,0.25,0.0,0.66666667,0.5,0.00013349,0.2,1.5
1657,1.0,1.0,0.0,0.0,1.0,1.0,0.0,1.0,3.0
1658,1,0,1.0,1.0,0.0,0.0,0.00020004,1,0.0
1659,1,0,1.0,1.0,0.0,0.0,0.00020004,1,0.0
1660,1.0,0,0.0,0.0,0.0,0.0,0.0,1.0,1.0
1661,1.0,0,0.0,0.0,0.0,0.0,0.0,1.0,1.0
1662,1,0,1.0,1.0,0.0,0.0,0.00020004,1,0.0
1663,0.9,0.875,0.0,0.0,1.0,1.0,0.0,0.75,9.0
1664,1.0,0,0.0,0.0,0.0,0.0,0.0,1.0,1.0
1665,0.66666667,0,0.0,0.0,0.33333333,0.0,0.0,0.5,2.0
1666,0.33333333,0,0.33333333,0.0,0.33333333,0.0,0.00016687,0.2,1.0
1667,1,0,1.0,1.0,0.0,0.0,0.00020004,1,0.0
1668,1,0,1.0,1.0,0.0,0.0,0.00020004,1,0.0
1669,0.66666667,0,0.0,0.0,0.33333333,0.0,0.0,0.5,2.0
1670,1.0,0,0.5,0.0,0.0,0.0,0.00020008,1.0,0.5
1671,0.66666667,0,0.0,0.0,0.33333333,0.0,0.0,0.5,2.0
1672,1,0,1.0,1.0,0.0,0.0,0.00040008,1,0.0
1673,0.28571429,0,0.14285714,0.0,0.28571429,0.0,5.722e-05,0.16666667,3.0
1674,1.0,0,0.0,0.0,0.0,0.0,0.0,1.0,1.0
1675,0.66666667,0,0.33333333,0.0,0.33333333,0.0,0.00013341,0.5,1.0
1676,1.0,0,0.0,0.0,0.0,0.0,0.0,1.0,1.0
1677,0.66666667,0,0.2,0.0,0.33333333,0.0,6.671e-05,0.5,2.0
1678,1.0,0,0.0,0.0,0.0,0.0,0.0,1.0,1.0
1679,1.0,0,0.0,0.0,0.0,0.0,0.0,1.0,1.0
1680,1.0,0,0.0,0.0,0.0,0.0,0.0,1.0,1.0
1681,1,0,1.0,1.0,0.0,0.0,0.00020004,1,0.0
1682,1.0,0,0.0,0.0,0.0,0.0,0.0,1.0,1.0
1683,1.0,0,0.0,0.0,0.0,0.0,0.0,1.0,1.0
1684,1.0,0,0.0,0.0,0.0,0.0,0.0,1.0,1.0
1685,1.0,0,0.0,0.0,0.0,0.0,0.0,1.0,1.0
1686,1,0,1.0,1.0,0.0,0.0,0.00020004,1,0.0
1687,1.0,0,0.0,0.0,0.0,0.0,0.0,1.0,1.0
1688,1.0,0,0.0,0.0,0.0,0.0,0.0,1.0,1.0
1689,1,0,1.0,1.0,0.0,0.0,0.00020004,1,0.0
1690,1.0,0,0.5,0.0,0.0,0.0,0.00020008,1.0,0.5
1691,0.66666667,0,0.0,0.0,0.33333333,0.0,0.0,0.5,2.0
1692,1.0,0,0.0,0.0,0.0,0.0,0.0,1.0,1.0
1693,1,0,1.0,1.0,0.0,0.0,0.00020004,1,0.0
1694,0.33333333,0,0.0,0.0,0.16666667,0.0,0.0,0.2,5.0
1695,1.0,1.0,0.25,0.0,1.0,1.0,0.00013341,1.0,1.5
1696,1.0,0,0.0,0.0,0.0,0.0,0.0,1.0,1.0
1697,1,0,1.0,1.0,0.0,0.0,0.00020004,1,0.0
1698,0.66666667,0,0.0,0.0,0.33333333,0.0,0.0,0.5,2.0
1699,1.0,0,0.0,0.0,0.0,0.0,0.0,1.0,1.0
1700,1,0,1.0,1.0,0.0,0.0,0.00020004,1,0.0
1701,0.66666667,0,0.0,0.0,0.33333333,0.0,0.0,0.5,2.0
1702,0.66666667,0,0.0,0.0,0.33333333,0.0,0.0,0.5,2.0
1703,1.0,0,0.0,0.0,0.0,0.0,0.0,1.0,1.0
1704,0.66666667,0.6,0.2,0.0,0.75,0.75,0.00010008,0.33333333,2.0
1705,0.66666667,0,0.2,0.0,0.33333333,0.0,6.671e-05,0.5,2.0
1706,1.0,1.0,0.14285714,0.0,1.0,1.0,6.671e-05,1.0,3.0
1707,1,0,1.0,1.0,0.0,0.0,0.00020004,1,0.0
1708,1.0,1.0,0.0,0.0,1.0,1.0,0.0,1.0,3.0
1709,0.66666667,0,0.0,0.0,0.33333333,0.0,0.0,0.5,2.0
1710,1,0,1.0,1.0,0.0,0.0,0.00040008,1,0.0
1711,1.0,1.0,0.0,0.0,1.0,1.0,0.0,1.0,3.0
1712,0.8,0.78947368,0.2,0.0,1.0,1.0,0.00016016,0.5,2.0
1713,1.0,0,0.0,0.0,0.0,0.0,0.0,1.0,1.0
1714,1,0,1.0,1.0,0.0,0.0,0.00020004,1,0.0
1715,0.66666667,0,0.0,0.0,0.33333333,0.0,0.0,0.5,2.0
1716,1,0,1.0,1.0,0.0,0.0,0.00020004,1,0.0
1717,1.0,1.0,0.0,0.0,1.0,1.0,0.0,1.0,3.0
1718,1.0,1.0,0.25,0.0,1.0,1.0,0.00013341,1.0,1.5
1719,1.0,0,0.0,0.0,0.0,0.0,0.0,1.0,1.0
1720,1,0,1.0,1.0,0.0,0.0,0.00020004,1,0.0
1721,1.0,0,0.0,0.0,0.0,0.0,0.0,1.0,1.0
1722,1.0,0,0.0,0.0,0.0,0.0,0.0,1.0,1.0
1723,1.0,0,0.33333333,0.0,0.0,0.0,0.00010004,1.0,1.0
1724,1.0,0,0.0,0.0,0.0,0.0,0.0,1.0,1.0
1725,1.0,0,0.0,0.0,0.0,0.0,0.0,1.0,1.0
1726,1,0,1.0,1.0,0.0,0.0,0.00020004,1,0.0
1727,1.0,0,0.0,0.0,0.0,0.0,0.0,1.0,1.0
1728,1.0,0,0.0,0.0,0.0,0.0,0.0,1.0,1.0
1729,1.0,1.0,0.14285714,0.0,1.0,1.0,6.671e-05,1.0,3.0
1730,0.5,0,0.0,0.0,0.25,0.0,0.0,0.33333333,3.0
1731,1.0,0,0.0,0.0,0.0,0.0,0.0,1.0,1.0
1732,0.5,0,0.0,0.0,0.25,0.0,0.0,0.33333333,3.0
1733,1.0,0,0.0,0.0,0.0,0.0,0.0,1.0,1.0
1734,1,0,1.0,1.0,0.0,0.0,0.00040008,1,0.0
1735,0.33333333,0,0.0,0.0,0.33333333,0.0,0.0,0.2,5.0
1736,1.0,0,0.0,0.0,0.0,0.0,0.0,1.0,1.0
1737,0.33333333,0,0.16666667,0.0,0.5,0.0,6.675e-05,0.2,2.5
1738,0.66666667,0.6,0.2,0.0,0.75,0.75,0.00010008,0.33333333,2.0
1739,1.0,0,0.0,0.0,0.0,0.0,0.0,1.0,1.0
1740,1.0,0,0.0,0.0,0.0,0.0,0.0,1.0,1.0
1741,0.66666667,0,0.2,0.0,0.33333333,0.0,6.671e-05,0.5,2.0
1742,0.66666667,0,0.0,0.0,0.33333333,0.0,0.0,0.5,2.0
1743,1,0,1.0,1.0,0.0,0.0,0.00020004,1,0.0
1744,1,0,1.0,1.0,0.0,0.0,0.00040008,1,0.0
1745,1.0,0,0.0,0.0,0.0,0.0,0.0,1.0,1.0
1746,1.0,0,0.0,0.0,0.0,0.0,0.0,1.0,1.0
1747,1.0,0,0.0,0.0,0.0,0.0,0.0,1.0,1.0
1748,1,0,1.0,1.0,0.0,0.0,0.00040008,1,0.0
1749,0.66666667,0,0.0,0.0,0.33333333,0.0,0.0,0.5,2.0
1750,0.53333333,0.6,0.15789474,0.0,1.0,1.0,0.00010012,0.4,2.66666667
1751,0.4,0,0.0,0.0,0.2,0.0,0.0,0.25,4.0
1752,1,0,1.0,1.0,0.0,0.0,0.00020004,1,0.0
1753,0.6,0.71428571,0.05263158,0.0,1.0,1.0,3.337e-05,0.4,9.0
1754,0.83333333,0.75,0.0,0.0,1.0,1.0,0.0,0.66666667,5.0
1755,0.4,0,0.0,0.0,0.2,0.0,0.0,0.25,4.0
1756,0.5,0,0.14285714,0.0,0.25,0.0,5.004e-05,0.33333333,3.0
1757,1,0,1.0,1.0,0.0,0.0,0.00020004,1,0.0
1758,1.0,0,0.0,0.0,0.0,0.0,0.0,1.0,1.0
1759,1.0,0,0.0,0.0,0.0,0.0,0.0,1.0,1.0
1760,0.66666667,0,0.0,0.0,0.33333333,0.0,0.0,0.5,2.0
1761,1.0,0,0.0,0.0,0.0,0.0,0.0,1.0,1.0
1762,1.0,0,0.0,0.0,0.0,0.0,0.0,1.0,1.0
1763,1,0,1.0,1.0,0.0,0.0,0.00060012,1,0.0
1764,1,0,1.0,1.0,0.0,0.0,0.00020004,1,0.0
1765,0.66666667,0.6,0.2,0.0,0.75,0.75,0.00010008,0.33333333,2.0
1766,0.66666667,0,0.2,0.0,0.33333333,0.0,6.671e-05,0.5,2.0
1767,1,0,1.0,1.0,0.0,0.0,0.00020004,1,0.0
1768,1.0,0,0.0,0.0,0.0,0.0,0.0,1.0,1.0
1769,1.0,0,0.0,0.0,0.0,0.0,0.0,1.0,1.0
1770,0.5,0,0.0,0.0,0.5,0.0,0.0,0.33333333,3.0
1771,1.0,0,0.0,0.0,0.0,0.0,0.0,1.0,1.0
1772,1,0,1.0,1.0,0.0,0.0,0.00020004,1,0.0
1773,0.5,0,0.0,0.0,0.5,0.0,0.0,0.33333333,3.0
1774,1.0,0,0.0,0.0,0.0,0.0,0.0,1.0,1.0
1775,1.0,0,0.0,0.0,0.0,0.0,0.0,1.0,1.0
1776,0.66666667,0,0.0,0.0,0.33333333,0.0,0.0,0.5,2.0
1777,1.0,0,0.5,0.0,0.0,0.0,0.00020008,1.0,0.5
1778,1,0,1.0,1.0,0.0,0.0,0.00020004,1,0.0
1779,1,0,1.0,1.0,0.0,0.0,0.00020004,1,0.0
1780,1.0,0,0.0,0.0,0.0,0.0,0.0,1.0,1.0
1781,1.0,0,0.0,0.0,0.0,0.0,0.0,1.0,1.0
1782,1,0,1.0,1.0,0.0,0.0,0.00060012,1,0.0
1783,0.66666667,0,0.0,0.0,0.33333333,0.0,0.0,0.5,2.0
1784,1.0,0,0.0,0.0,0.0,0.0,0.0,1.0,1.0
1785,1.0,0,0.0,0.0,0.0,0.0,0.0,1.0,1.0
1786,1.0,0,0.0,0.0,0.0,0.0,0.0,1.0,1.0
1787,1.0,0,0.0,0.0,0.0,0.0,0.0,1.0,1.0
1788,1.0,0,0.0,0.0,0.0,0.0,0.0,1.0,1.0
1789,1,0,1.0,1.0,0.0,0.0,0.00040008,1,0.0
1790,0.4,0,0.11111111,0.0,0.2,0.0,4.004e-05,0.25,4.0
1791,1.0,0,0.0,0.0,0.0,0.0,0.0,1.0,1.0
1792,1,0,1.0,1.0,0.0,0.0,0.00020004,1,0.0
1793,0.83333333,0.75,0.0,0.0,1.0,1.0,0.0,0.66666667,5.0
1794,1.0,1.0,0.0,0.0,1.0,1.0,0.0,1.0,3.0
1795,1,0,1.0,1.0,0.0,0.0,0.00020004,1,0.0
1796,1,0,1.0,1.0,0.0,0.0,0.00020004,1,0.0
1797,1.0,0,0.0,0.0,0.0,0.0,0.0,1.0,1.0
1798,1,0,1.0,1.0,0.0,0.0,0.00040008,1,0.0
1799,1.0,0,0.0,0.0,0.0,0.0,0.0,1.0,1.0
1800,1.0,0,0.0,0.0,0.0,0.0,0.0,1.0,1.0
1801,1,0,1.0,1.0,0.0,0.0,0.00020004,1,0.0
1802,1.0,0,0.0,0.0,0.0,0.0,0.0,1.0,1.0
1803,0.66666667,0,0.0,0.0,0.33333333,0.0,0.0,0.5,2.0
1804,1,0,1.0,1.0,0.0,0.0,0.00040008,1,0.0
1805,1.0,0,0.0,0.0,0.0,0.0,0.0,1.0,1.0
1806,0.66666667,0,0.2,0.0,0.33333333,0.0,6.671e-05,0.5,2.0
1807,1,0,1.0,1.0,0.0,0.0,0.00020004,1,0.0
1808,1,0,1.0,1.0,0.0,0.0,0.00020004,1,0.0
1809,1,0,1.0,1.0,0.0,0.0,0.00040008,1,0.0
1810,0.4,0,0.2,0.0,0.2,0.0,8.008e-05,0.25,2.0
1811,1.0,0,0.0,0.0,0.0,0.0,0.0,1.0,1.0
1812,1.0,0,0.0,0.0,0.0,0.0,0.0,1.0,1.0
1813,1.0,1.0,0.0,0.0,1.0,1.0,0.0,1.0,3.0
1814,1.0,1.0,0.0,0.0,1.0,1.0,0.0,1.0,3.0
1815,1.0,0,0.0,0.0,0.0,0.0,0.0,1.0,1.0
1816,1,0,1.0,1.0,0.0,0.0,0.00020004,1,0.0
1817,0.5,0,0.0,0.0,0.25,0.0,0.0,0.33333333,3.0
1818,1.0,0,0.0,0.0,0.0,0.0,0.0,1.0,1.0
1819,1.0,0,0.33333333,0.0,0.0,0.0,0.00010004,1.0,1.0
1820,1.0,0,0.0,0.0,0.0,0.0,0.0,1.0,1.0
1821,1,0,1.0,1.0,0.0,0.0,0.00020004,1,0.0
1822,0.66666667,0,0.0,0.0,0.33333333,0.0,0.0,0.5,2.0
1823,0.58181818,0.66298343,0.2195122,0.09090909,1.0,1.0,0.00032799,0.3,1.77777778
1824,1.0,0,0.0,0.0,0.0,0.0,0.0,1.0,1.0
1825,1.0,1.0,0.0,0.0,1.0,1.0,0.0,1.0,3.0
1826,1.0,0,0.33333333,0.0,0.0,0.0,0.00010004,1.0,1.0
1827,1,0,1.0,1.0,0.0,0.0,0.00020004,1,0.0
1828,1.0,1.0,0.0,0.0,1.0,1.0,0.0,1.0,3.0
1829,1.0,0,0.0,0.0,0.0,0.0,0.0,1.0,1.0
1830,1,0,1.0,1.0,0.0,0.0,0.00020004,1,0.0
1831,1.0,0,0.0,0.0,0.0,0.0,0.0,1.0,1.0
1832,1.0,0,0.0,0.0,0.0,0.0,0.0,1.0,1.0
1833,1,0,1.0,1.0,0.0,0.0,0.00020004,1,0.0
1834,1.0,0,0.0,0.0,0.0,0.0,0.0,1.0,1.0
1835,1.0,0,0.0,0.0,0.0,0.0,0.0,1.0,1.0
1836,1,0,1.0,1.0,0.0,0.0,0.00020004,1,0.0
1837,0.28571429,0,0.29411765,0.14285714,0.28571429,0.0,0.00014306,0.16666667,1.2
1838,1.0,1.0,0.25,0.0,1.0,1.0,0.00013341,1.0,1.5
1839,0.44444444,0.64556962,0.18367347,0.2,0.9,0.8,0.00018036,0.11111111,2.22222222
1840,1,0,1.0,1.0,0.0,0.0,0.00020004,1,0.0
1841,0.33333333,0,0.0,0.0,0.16666667,0.0,0.0,0.2,5.0
1842,1,0,1.0,1.0,0.0,0.0,0.00020004,1,0.0
1843,0.5,0,0.0,0.0,0.5,0.0,0.0,0.33333333,3.0
1844,1.0,0,0.0,0.0,0.0,0.0,0.0,1.0,1.0
1845,1,0,1.0,1.0,0.0,0.0,0.00020004,1,0.0
1846,1.0,0,0.0,0.0,0.0,0.0,0.0,1.0,1.0
1847,0.5,0,0.14285714,0.0,0.25,0.0,5.004e-05,0.33333333,3.0
1848,1,0,1.0,1.0,0.0,0.0,0.00060012,1,0.0
1849,1.0,0,0.0,0.0,0.0,0.0,0.0,1.0,1.0
1850,1.0,0,0.0,0.0,0.0,0.0,0.0,1.0,1.0
1851,1.0,0,0.0,0.0,0.0,0.0,0.0,1.0,1.0
1852,0.66666667,0,0.0,0.0,0.33333333,0.0,0.0,0.5,2.0
1853,1.0,0,0.0,0.0,0.0,0.0,0.0,1.0,1.0
1854,1.0,0,0.0,0.0,0.0,0.0,0.0,1.0,1.0
1855,1.0,1.0,0.0,0.0,1.0,1.0,0.0,1.0,3.0
1856,1.0,1.0,0.4,0.33333333,1.0,1.0,0.00026683,1.0,0.75
1857,1.0,1.0,0.14285714,0.0,1.0,1.0,6.671e-05,1.0,3.0
1858,0.83333333,0.75,0.16666667,0.0,1.0,1.0,0.00010008,0.66666667,2.5
1859,0.66666667,0,0.0,0.0,0.33333333,0.0,0.0,0.5,2.0
1860,1,0,1.0,1.0,0.0,0.0,0.00020004,1,0.0
1861,1.0,0,0.33333333,0.0,0.0,0.0,0.00010004,1.0,1.0
1862,1,0,1.0,1.0,0.0,0.0,0.00020004,1,0.0
1863,1.0,0,0.0,0.0,0.0,0.0,0.0,1.0,1.0
1864,1,0,1.0,1.0,0.0,0.0,0.00020004,1,0.0
1865,0.16666667,0,0.04347826,0.0,0.08333333,0.0,1.671e-05,0.09090909,11.0
1866,1.0,1.0,0.0,0.0,1.0,1.0,0.0,1.0,3.0
1867,1,0,1.0,1.0,0.0,0.0,0.00020004,1,0.0
1868,1.0,0,0.0,0.0,0.0,0.0,0.0,1.0,1.0
1869,1,0,1.0,1.0,0.0,0.0,0.00020004,1,0.0
1870,0.33333333,0,0.0,0.0,0.33333333,0.0,0.0,0.2,5.0
1871,0.83333333,0.75,0.16666667,0.0,1.0,1.0,0.00010008,0.66666667,2.5
1872,0.66666667,0.6,0.38461538,0.25,0.75,0.75,0.0002502,0.33333333,0.8
1873,0.53333333,0.52941176,0.0,0.0,1.0,1.0,0.0,0.4,8.0
1874,1,0,1.0,1.0,0.0,0.0,0.00020004,1,0.0
1875,1.0,0,0.0,0.0,0.0,0.0,0.0,1.0,1.0
1876,0.66666667,0,0.0,0.0,0.33333333,0.0,0.0,0.5,2.0
1877,1.0,0,0.0,0.0,0.0,0.0,0.0,1.0,1.0
1878,1.0,0,0.0,0.0,0.0,0.0,0.0,1.0,1.0
1879,1,0,1.0,1.0,0.0,0.0,0.00020004,1,0.0
1880,0.66666667,0.64285714,0.31034483,0.16666667,1.0,1.0,0.00030036,0.4,1.11111111
1881,1,0,1.0,1.0,0.0,0.0,0.00020004,1,0.0
1882,1,0,1.0,1.0,0.0,0.0,0.00020004,1,0.0
1883,1.0,1.0,0.0,0.0,1.0,1.0,0.0,1.0,6.0
1884,0.66666667,0,0.0,0.0,0.33333333,0.0,0.0,0.5,2.0
1885,1.0,1.0,0.0,0.0,1.0,1.0,0.0,1.0,3.0
1886,1.0,0,0.0,0.0,0.0,0.0,0.0,1.0,1.0
1887,1.0,0,0.0,0.0,0.0,0.0,0.0,1.0,1.0
1888,1.0,0,0.0,0.0,0.0,0.0,0.0,1.0,1.0
1889,0.66666667,0,0.0,0.0,0.33333333,0.0,0.0,0.5,2.0
1890,1.0,0,0.0,0.0,0.0,0.0,0.0,1.0,1.0
1891,1.0,0,0.0,0.0,0.0,0.0,0.0,1.0,1.0
1892,1,0,1.0,1.0,0.0,0.0,0.00020004,1,0.0
1893,1.0,0,0.0,0.0,0.0,0.0,0.0,1.0,1.0
1894,1.0,0,0.0,0.0,0.0,0.0,0.0,1.0,1.0
1895,1,0,1.0,1.0,0.0,0.0,0.00020004,1,0.0
1896,0.5,0,0.6,0.75,0.25,0.0,0.00045036,0.33333333,0.33333333
1897,1,0,1.0,1.0,0.0,0.0,0.00020004,1,0.0
1898,1.0,0,0.0,0.0,0.0,0.0,0.0,1.0,1.0
1899,1.0,1.0,0.33333333,0.0,1.0,1.0,0.00020012,1.0,1.0
1900,1.0,0,0.0,0.0,0.0,0.0,0.0,1.0,1.0
1901,0.46428571,0.43902439,0.53571429,0.25,0.875,0.875,0.0007512,0.14285714,0.43333333
1902,1,0,1.0,1.0,0.0,0.0,0.00020004,1,0.0
1903,1.0,0,0.0,0.0,0.0,0.0,0.0,1.0,1.0
1904,1.0,1.0,0.0,0.0,1.0,1.0,0.0,1.0,3.0
1905,1,0,1.0,1.0,0.0,0.0,0.00020004,1,0.0
1906,1.0,0,0.0,0.0,0.0,0.0,0.0,1.0,1.0
1907,1,0,1.0,1.0,0.0,0.0,0.00020004,1,0.0
1908,1,0,1.0,1.0,0.0,0.0,0.00020004,1,0.0
1909,1.0,1.0,0.0,0.0,1.0,1.0,0.0,1.0,3.0
1910,1.0,0,0.0,0.0,0.0,0.0,0.0,1.0,1.0
1911,1,0,1.0,1.0,0.0,0.0,0.00020004,1,0.0
1912,0.5,0,0.0,0.0,0.25,0.0,0.0,0.33333333,3.0
1913,0.16190476,0.3442623,0.40869565,0.28571429,0.9047619,0.66666667,0.00044951,0.05,0.72340426
1914,1.0,1.0,0.14285714,0.0,1.0,1.0,0.00010008,1.0,3.0
1915,0.66666667,0,0.0,0.0,0.33333333,0.0,0.0,0.5,2.0
1916,1.0,0,0.0,0.0,0.0,0.0,0.0,1.0,1.0
1917,1.0,0,0.0,0.0,0.0,0.0,0.0,1.0,1.0
1918,0.5,0,0.0,0.0,0.25,0.0,0.0,0.33333333,3.0
1919,1.0,0,0.0,0.0,0.0,0.0,0.0,1.0,1.0
1920,1.0,0,0.0,0.0,0.0,0.0,0.0,1.0,1.0
1921,0.25,0,0.125,0.0,0.125,0.0,5.008e-05,0.14285714,3.5
1922,0.71428571,0.74157303,0.11111111,0.0,1.0,1.0,0.0001252,0.42857143,4.0
1923,1,0,1.0,1.0,0.0,0.0,0.00020004,1,0.0
1924,1,0,1.0,1.0,0.0,0.0,0.00080016,1,0.0
1925,1.0,0,0.0,0.0,0.0,0.0,0.0,1.0,1.0
1926,1.0,1.0,0.33333333,0.0,1.0,1.0,0.00020012,1.0,1.0
1927,1.0,0,0.33333333,0.0,0.0,0.0,0.00010004,1.0,1.0
1928,1.0,0,0.0,0.0,0.0,0.0,0.0,1.0,1.0
1929,1.0,0,0.0,0.0,0.0,0.0,0.0,1.0,1.0
1930,1,0,1.0,1.0,0.0,0.0,0.00020004,1,0.0
1931,1.0,0,0.0,0.0,0.0,0.0,0.0,1.0,1.0
1932,1,0,1.0,1.0,0.0,0.0,0.00020004,1,0.0
1933,1.0,0,0.0,0.0,0.0,0.0,0.0,1.0,1.0
1934,0.66666667,0,0.2,0.0,0.33333333,0.0,6.671e-05,0.5,2.0
1935,0.5,0,0.0,0.0,0.25,0.0,0.0,0.33333333,3.0
1936,1.0,0,0.0,0.0,0.0,0.0,0.0,1.0,1.0
1937,1,0,1.0,1.0,0.0,0.0,0.00020004,1,0.0
1938,0.66666667,0,0.2,0.0,0.33333333,0.0,6.671e-05,0.5,2.0
1939,1,0,1.0,1.0,0.0,0.0,0.00040008,1,0.0
1940,1.0,0,0.0,0.0,0.0,0.0,0.0,1.0,1.0
1941,1,0,1.0,1.0,0.0,0.0,0.00020004,1,0.0
1942,1,0,1.0,1.0,0.0,0.0,0.00020004,1,0.0
1943,1,0,1.0,1.0,0.0,0.0,0.00020004,1,0.0
1944,1.0,0,0.0,0.0,0.0,0.0,0.0,1.0,1.0
1945,1.0,0,0.0,0.0,0.0,0.0,0.0,1.0,1.0
1946,1.0,1.0,0.33333333,0.33333333,1.0,1.0,0.00020012,1.0,1.0
1947,1,0,1.0,1.0,0.0,0.0,0.00020004,1,0.0
1948,1.0,1.0,0.0,0.0,1.0,1.0,0.0,1.0,3.0
1949,1,0,1.0,1.0,0.0,0.0,0.00020004,1,0.0
1950,1,0,1.0,1.0,0.0,0.0,0.00040008,1,0.0
1951,1.0,0,0.0,0.0,0.0,0.0,0.0,1.0,1.0
1952,0.66666667,0,0.0,0.0,0.33333333,0.0,0.0,0.5,2.0
1953,1.0,1.0,0.25,0.0,1.0,1.0,0.00013341,1.0,1.5
1954,1.0,0,0.5,0.0,0.0,0.0,0.00020008,1.0,0.5
1955,0.66666667,0,0.0,0.0,0.33333333,0.0,0.0,0.5,2.0
1956,1.0,1.0,0.14285714,0.0,1.0,1.0,6.671e-05,1.0,3.0
1957,1.0,0,0.0,0.0,0.0,0.0,0.0,1.0,1.0
1958,0.83333333,0.75,0.23076923,0.0,1.0,1.0,0.00015012,0.66666667,1.66666667
1959,1.0,0,0.0,0.0,0.0,0.0,0.0,1.0,1.0
1960,0.4,0,0.0,0.0,0.2,0.0,0.0,0.25,4.0
1961,1.0,0,0.33333333,0.0,0.0,0.0,0.00010004,1.0,1.0
1962,1.0,0,0.0,0.0,0.0,0.0,0.0,1.0,1.0
1963,0.66666667,0,0.0,0.0,0.33333333,0.0,0.0,0.5,2.0
1964,0.66666667,0,0.33333333,0.0,0.33333333,0.0,0.00013341,0.5,1.0
1965,1.0,0,0.33333333,0.0,0.0,0.0,0.00010004,1.0,1.0
1966,1.0,0,0.0,0.0,0.0,0.0,0.0,1.0,1.0
1967,1.0,0,0.0,0.0,0.0,0.0,0.0,1.0,1.0
1968,1,0,1.0,1.0,0.0,0.0,0.00020004,1,0.0
1969,1.0,0,0.0,0.0,0.0,0.0,0.0,1.0,1.0
1970,0.5,0,0.14285714,0.0,0.25,0.0,5.004e-05,0.33333333,3.0
1971,1.0,0,0.0,0.0,0.0,0.0,0.0,1.0,1.0
1972,1,0,1.0,1.0,0.0,0.0,0.00060012,1,0.0
1973,1.0,1.0,0.0,0.0,1.0,1.0,0.0,1.0,3.0
1974,1.0,1.0,0.0,0.0,1.0,1.0,0.0,1.0,3.0
1975,1.0,0,0.0,0.0,0.0,0.0,0.0,1.0,1.0
1976,0.66666667,0,0.0,0.0,0.33333333,0.0,0.0,0.5,2.0
1977,1.0,0,0.0,0.0,0.0,0.0,0.0,1.0,1.0
1978,1.0,0,0.0,0.0,0.0,0.0,0.0,1.0,1.0
1979,1.0,0,0.0,0.0,0.0,0.0,0.0,1.0,1.0
1980,1.0,1.0,0.6,0.33333333,1.0,1.0,0.00060036,1.0,0.33333333
1981,1.0,0,0.0,0.0,0.0,0.0,0.0,1.0,1.0
1982,0.33333333,0,0.0,0.0,0.16666667,0.0,0.0,0.2,5.0
1983,1.0,0,0.0,0.0,0.0,0.0,0.0,1.0,1.0
1984,1,0,1.0,1.0,0.0,0.0,0.00020004,1,0.0
1985,0.66666667,0,0.0,0.0,0.33333333,0.0,0.0,0.5,2.0
1986,0.25,0,0.0,0.0,0.125,0.0,0.0,0.14285714,7.0
1987,1,0,1.0,1.0,0.0,0.0,0.00020004,1,0.0
1988,0.80952381,0.75,0.05555556,0.0,1.0,1.0,5.722e-05,0.66666667,8.5
1989,0.25,0,0.0,0.0,0.25,0.0,0.0,0.14285714,7.0
1990,1,0,1.0,1.0,0.0,0.0,0.00020004,1,0.0
1991,1.0,1.0,0.53846154,0.33333333,1.0,1.0,0.00046695,1.0,0.42857143
1992,1,0,1.0,1.0,0.0,0.0,0.00020004,1,0.0
1993,1.0,0,0.0,0.0,0.0,0.0,0.0,1.0,1.0
1994,1,0,1.0,1.0,0.0,0.0,0.00020004,1,0.0
1995,1.0,0,0.0,0.0,0.0,0.0,0.0,1.0,1.0
1996,1,0,1.0,1.0,0.0,0.0,0.00020004,1,0.0
1997,0.8,0.80188679,0.06382979,0.0,1.0,1.0,0.00010933,0.6,7.33333333
1998,1,0,1.0,1.0,0.0,0.0,0.00020004,1,0.0
1999,1,0,1.0,1.0,0.0,0.0,0.00020004,1,0.0
2000,0.85714286,0.84615385,0.0,0.0,1.0,1.0,0.0,0.66666667,18.0
2001,1,0,1.0,1.0,0.0,0.0,0.00020004,1,0.0
2002,1.0,0,0.0,0.0,0.0,0.0,0.0,1.0,1.0
2003,1.0,0,0.0,0.0,0.0,0.0,0.0,1.0,1.0
2004,1.0,0,0.0,0.0,0.0,0.0,0.0,1.0,1.0
2005,1.0,0,0.0,0.0,0.0,0.0,0.0,1.0,1.0
2006,0.66666667,0,0.2,0.0,0.33333333,0.0,6.671e-05,0.5,2.0
2007,0.7,0.64285714,0.125,0.0,1.0,1.0,8.008e-05,0.5,3.5
2008,1.0,0,0.0,0.0,0.0,0.0,0.0,1.0,1.0
2009,1,0,1.0,1.0,0.0,0.0,0.00020004,1,0.0
2010,0.5,0,0.0,0.0,0.25,0.0,0.0,0.33333333,3.0
2011,1,0,1.0,1.0,0.0,0.0,0.00020004,1,0.0
2012,0.66666667,0,0.0,0.0,0.33333333,0.0,0.0,0.5,2.0
2013,1,0,1.0,1.0,0.0,0.0,0.00020004,1,0.0
2014,1,0,1.0,1.0,0.0,0.0,0.00040008,1,0.0
2015,1.0,0,0.0,0.0,0.0,0.0,0.0,1.0,1.0
2016,1,0,1.0,1.0,0.0,0.0,0.00020004,1,0.0
2017,1.0,0,0.0,0.0,0.0,0.0,0.0,1.0,1.0
2018,1,0,1.0,1.0,0.0,0.0,0.00020004,1,0.0
2019,1,0,1.0,1.0,0.0,0.0,0.00020004,1,0.0
2020,1.0,0,0.0,0.0,0.0,0.0,0.0,1.0,1.0
2021,0.66666667,0,0.0,0.0,0.33333333,0.0,0.0,0.5,2.0
2022,1.0,1.0,0.5,0.33333333,1.0,1.0,0.00040024,1.0,0.5
2023,0.66666667,0,0.0,0.0,0.33333333,0.0,0.0,0.5,2.0
2024,1.0,0,0.0,0.0,0.0,0.0,0.0,1.0,1.0
2025,0.83333333,0.75,0.0,0.0,1.0,1.0,0.0,0.66666667,5.0
2026,1,0,1.0,1.0,0.0,0.0,0.00020004,1,0.0
2027,1.0,0,0.0,0.0,0.0,0.0,0.0,1.0,1.0
2028,1.0,0,0.0,0.0,0.0,0.0,0.0,1.0,1.0
2029,1.0,1.0,0.53846154,0.66666667,1.0,1.0,0.00046695,1.0,0.42857143
2030,1,0,1.0,1.0,0.0,0.0,0.00020004,1,0.0
2031,1,0,1.0,1.0,0.0,0.0,0.00020004,1,0.0
2032,1.0,0,0.0,0.0,0.0,0.0,0.0,1.0,1.0
2033,1,0,1.0,1.0,0.0,0.0,0.00040008,1,0.0
2034,0.5,0,0.0,0.0,0.5,0.0,0.0,0.33333333,3.0
2035,0.66666667,0,0.0,0.0,0.33333333,0.0,0.0,0.5,2.0
2036,1.0,0,0.0,0.0,0.0,0.0,0.0,1.0,1.0
2037,1.0,0,0.0,0.0,0.0,0.0,0.0,1.0,1.0
2038,0.4,0,0.33333333,0.0,0.4,0.0,0.00016016,0.25,1.0
2039,1.0,0,0.0,0.0,0.0,0.0,0.0,1.0,1.0
2040,1,0,1.0,1.0,0.0,0.0,0.00020004,1,0.0
2041,1.0,0,0.0,0.0,0.0,0.0,0.0,1.0,1.0
2042,1,0,1.0,1.0,0.0,0.0,0.00020004,1,0.0
2043,1,0,1.0,1.0,0.0,0.0,0.00020004,1,0.0
2044,0.66666667,0,0.0,0.0,0.33333333,0.0,0.0,0.5,2.0
2045,0.66666667,0,0.0,0.0,0.33333333,0.0,0.0,0.5,2.0
2046,0.7,0.6,0.0,0.0,1.0,1.0,0.0,0.5,7.0
2047,1.0,0,0.0,0.0,0.0,0.0,0.0,1.0,1.0
2048,1,0,1.0,1.0,0.0,0.0,0.00020004,1,0.0
2049,1,0,1.0,1.0,0.0,0.0,0.00020004,1,0.0
2050,1,0,1.0,1.0,0.0,0.0,0.00020004,1,0.0
2051,0.5,0,0.0,0.0,0.25,0.0,0.0,0.33333333,3.0
2052,1,0,1.0,1.0,0.0,0.0,0.00040008,1,0.0
2053,1.0,0,0.0,0.0,0.0,0.0,0.0,1.0,1.0
2054,0.4,0,0.11111111,0.0,0.2,0.0,4.004e-05,0.25,4.0
2055,1,0,1.0,1.0,0.0,0.0,0.00020004,1,0.0
2056,1.0,0,0.0,0.0,0.0,0.0,0.0,1.0,1.0
2057,1.0,0,0.0,0.0,0.0,0.0,0.0,1.0,1.0
2058,1,0,1.0,1.0,0.0,0.0,0.00020004,1,0.0
2059,0.66666667,0,0.0,0.0,0.33333333,0.0,0.0,0.5,2.0
2060,1,0,1.0,1.0,0.0,0.0,0.00020004,1,0.0
2061,1.0,0,0.0,0.0,0.0,0.0,0.0,1.0,1.0
2062,0.22222222,0,0.0,0.0,0.22222222,0.0,0.0,0.125,8.0
2063,1.0,0,0.0,0.0,0.0,0.0,0.0,1.0,1.0
2064,1,0,1.0,1.0,0.0,0.0,0.00020004,1,0.0
2065,1.0,0,0.0,0.0,0.0,0.0,0.0,1.0,1.0
2066,0.66666667,0,0.0,0.0,0.33333333,0.0,0.0,0.5,2.0
2067,1,0,1.0,1.0,0.0,0.0,0.00040008,1,0.0
2068,1.0,0,0.0,0.0,0.0,0.0,0.0,1.0,1.0
2069,1.0,0,0.0,0.0,0.0,0.0,0.0,1.0,1.0
2070,1.0,1.0,0.25,0.0,1.0,1.0,0.00013341,1.0,1.5
2071,0.66666667,0,0.0,0.0,0.33333333,0.0,0.0,0.5,2.0
2072,1,0,1.0,1.0,0.0,0.0,0.00020004,1,0.0
2073,0.61111111,0.6407767,0.2,0.0,1.0,1.0,0.00024489,0.375,2.0
2074,1,0,1.0,1.0,0.0,0.0,0.00020004,1,0.0
2075,1,0,1.0,1.0,0.0,0.0,0.00020004,1,0.0
2076,1.0,0,0.0,0.0,0.0,0.0,0.0,1.0,1.0
2077,0.5,0,0.0,0.0,0.5,0.0,0.0,0.33333333,3.0
2078,1.0,0,0.0,0.0,0.0,0.0,0.0,1.0,1.0
2079,1.0,0,0.0,0.0,0.0,0.0,0.0,1.0,1.0
2080,1,0,1.0,1.0,0.0,0.0,0.00020004,1,0.0
2081,1,0,1.0,1.0,0.0,0.0,0.00020004,1,0.0
2082,1.0,0,0.0,0.0,0.0,0.0,0.0,1.0,1.0
